-------------------------------------------------------------------
         SDDP.jl (c) Oscar Dowson and contributors, 2017-25
-------------------------------------------------------------------
problem
  nodes           : 4
  state variables : 272
  scenarios       : 1.60000e+05
  existing cuts   : false
options
  solver          : serial mode
  risk measure    : SDDP.Expectation()
  sampling scheme : SDDP.InSampleMonteCarlo
subproblem structure
  VariableRef                             : [686, 686]
  AffExpr in MOI.EqualTo{Float64}         : [110, 110]
  AffExpr in MOI.GreaterThan{Float64}     : [57, 57]
  AffExpr in MOI.LessThan{Float64}        : [84, 84]
  VariableRef in MOI.GreaterThan{Float64} : [81, 82]
  VariableRef in MOI.Integer              : [36, 36]
  VariableRef in MOI.LessThan{Float64}    : [52, 52]
  VariableRef in MOI.ZeroOne              : [329, 329]
numerical stability report
  matrix range     [6e-03, 1e+02]
  objective range  [1e+00, 5e+01]
  bounds range     [1e+00, 9e+03]
  rhs range        [6e+00, 1e+02]
-------------------------------------------------------------------
 iteration    simulation      bound        time (s)     solves  pid
-------------------------------------------------------------------
         1L -1.300000e+03 -3.184605e+02  8.317688e+00        84   1
         2L -1.400000e+03 -3.184605e+02  1.135815e+01       168   1
         3L -1.500000e+03 -3.184605e+02  1.434415e+01       252   1
         4L -1.700000e+03 -3.184605e+02  1.724966e+01       336   1
         5L -1.600000e+03 -3.184605e+02  2.084476e+01       420   1
         6L -1.450000e+03 -3.184605e+02  2.430369e+01       504   1
         7L -1.050000e+03 -3.184605e+02  2.789957e+01       588   1
         8L -1.050000e+03 -3.184605e+02  3.139442e+01       672   1
         9L -1.850000e+03 -3.184605e+02  3.493104e+01       756   1
        10L -1.350000e+03 -3.184605e+02  3.863512e+01       840   1
        11L -1.800000e+03 -3.184605e+02  4.211555e+01       924   1
        12L -1.650000e+03 -3.184605e+02  4.579190e+01      1008   1
        13L -1.400000e+03 -3.184605e+02  4.941015e+01      1092   1
        14L -1.100000e+03 -3.184605e+02  5.288349e+01      1176   1
        15L -1.650000e+03 -3.184605e+02  5.647455e+01      1260   1
        16L -1.150000e+03 -3.184605e+02  5.999505e+01      1344   1
        17L -1.600000e+03 -3.184605e+02  6.349273e+01      1428   1
        18L -1.400000e+03 -3.184605e+02  6.713646e+01      1512   1
        19L -1.350000e+03 -3.184605e+02  7.058174e+01      1596   1
        20L -1.200000e+03 -3.184605e+02  7.413962e+01      1680   1
        21L -1.650000e+03 -3.184605e+02  7.768489e+01      1764   1
        22L -1.250000e+03 -3.184605e+02  8.141115e+01      1848   1
        23L -2.000000e+03 -3.184605e+02  8.505764e+01      1932   1
        24L -1.700000e+03 -3.184605e+02  8.856516e+01      2016   1
        25L -1.350000e+03 -3.184605e+02  9.214108e+01      2100   1
        26L -1.200000e+03 -3.184605e+02  9.563564e+01      2184   1
        27L -1.300000e+03 -3.184605e+02  9.923388e+01      2268   1
        28L -1.200000e+03 -3.184605e+02  1.027892e+02      2352   1
        29L -1.300000e+03 -3.184605e+02  1.063759e+02      2436   1
        30L -1.150000e+03 -3.184605e+02  1.098584e+02      2520   1
        31L -1.350000e+03 -3.184605e+02  1.135828e+02      2604   1
        32L -1.450000e+03 -3.184605e+02  1.171212e+02      2688   1
        33L -1.300000e+03 -3.184605e+02  1.207599e+02      2772   1
        34L -9.500000e+02 -3.184605e+02  1.242321e+02      2856   1
        35L -1.800000e+03 -3.184605e+02  1.277295e+02      2940   1
        36L -1.350000e+03 -3.184605e+02  1.312453e+02      3024   1
        37L -1.250000e+03 -3.184605e+02  1.347764e+02      3108   1
        38L -1.350000e+03 -3.184605e+02  1.383123e+02      3192   1
        39L -1.400000e+03 -3.184605e+02  1.418217e+02      3276   1
        40L -1.400000e+03 -3.184605e+02  1.453456e+02      3360   1
        41L -1.200000e+03 -3.184605e+02  1.490073e+02      3444   1
        42L -1.600000e+03 -3.184605e+02  1.526304e+02      3528   1
        43L -1.500000e+03 -3.184605e+02  1.562322e+02      3612   1
        44L -1.550000e+03 -3.184605e+02  1.598895e+02      3696   1
        45L -1.450000e+03 -3.184605e+02  1.633252e+02      3780   1
        46L -1.350000e+03 -3.184605e+02  1.668658e+02      3864   1
        47L -1.100000e+03 -3.184605e+02  1.704125e+02      3948   1
        48L -1.400000e+03 -3.184605e+02  1.738653e+02      4032   1
        49L -1.650000e+03 -3.184605e+02  1.774427e+02      4116   1
        50L -1.550000e+03 -3.184605e+02  1.809634e+02      4200   1
-------------------------------------------------------------------
status         : iteration_limit
total time (s) : 1.809634e+02
total solves   : 4200
best bound     : -3.184605e+02
simulation ci  : -1.412000e+03 ± 6.276998e+01
numeric issues : 0
-------------------------------------------------------------------

────────────────────────────────────────────────────────────────────────────────────
                                           Time                    Allocations      
                                  ───────────────────────   ────────────────────────
        Tot / % measured:               182s /  98.9%           16.1GiB /  98.8%    

Section                   ncalls     time    %tot     avg     alloc    %tot      avg
────────────────────────────────────────────────────────────────────────────────────
backward_pass                 50     175s   97.3%   3.51s   15.4GiB   96.8%   315MiB
  solve_subproblem         3.00k     153s   84.8%  50.9ms   14.9GiB   93.6%  5.08MiB
    get_dual_solution      3.00k     145s   80.3%  48.3ms   14.4GiB   90.4%  4.90MiB
  prepare_backward_pass      300    392ms    0.2%  1.31ms   43.3MiB    0.3%   148KiB
calculate_bound               50    2.74s    1.5%  54.7ms    164MiB    1.0%  3.28MiB
  get_dual_solution        1.00k    648μs    0.0%   648ns    156KiB    0.0%     160B
forward_pass                  50    2.13s    1.2%  42.6ms    351MiB    2.2%  7.01MiB
  solve_subproblem           200    1.63s    0.9%  8.15ms    252MiB    1.5%  1.26MiB
    get_dual_solution        200    124μs    0.0%   619ns   31.2KiB    0.0%     160B
  sample_scenario             50    217ms    0.1%  4.35ms   25.7MiB    0.2%   526KiB
────────────────────────────────────────────────────────────────────────────────────

-------------------------------------------------------------------
         SDDP.jl (c) Oscar Dowson and contributors, 2017-25
-------------------------------------------------------------------
problem
  nodes           : 4
  state variables : 272
  scenarios       : 1.60000e+05
  existing cuts   : false
options
  solver          : serial mode
  risk measure    : SDDP.Expectation()
  sampling scheme : SDDP.InSampleMonteCarlo
subproblem structure
  VariableRef                             : [686, 686]
  AffExpr in MOI.EqualTo{Float64}         : [110, 110]
  AffExpr in MOI.GreaterThan{Float64}     : [57, 57]
  AffExpr in MOI.LessThan{Float64}        : [84, 84]
  VariableRef in MOI.GreaterThan{Float64} : [81, 82]
  VariableRef in MOI.Integer              : [36, 36]
  VariableRef in MOI.LessThan{Float64}    : [52, 52]
  VariableRef in MOI.ZeroOne              : [329, 329]
numerical stability report
  matrix range     [6e-03, 1e+02]
  objective range  [1e+00, 5e+01]
  bounds range     [1e+00, 9e+03]
  rhs range        [6e+00, 1e+02]
-------------------------------------------------------------------
 iteration    simulation      bound        time (s)     solves  pid
-------------------------------------------------------------------
         1L -1.400000e+03  4.099974e+00  9.399685e+00        84   1
         2L -1.050000e+03  7.786817e+02  1.351792e+01       168   1
         3L -1.800000e+03 -9.830000e+02  1.705471e+01       252   1
         4L -1.500000e+03 -9.830000e+02  1.901769e+01       336   1
         5L -1.200000e+03 -9.830000e+02  2.110125e+01       420   1
         6L -1.500000e+03 -9.830000e+02  2.314089e+01       504   1
         7L -1.550000e+03 -9.830000e+02  2.516021e+01       588   1
         8L -1.500000e+03 -9.830000e+02  2.726921e+01       672   1
         9L -1.150000e+03 -9.830000e+02  2.914389e+01       756   1
        10L -1.550000e+03 -9.830000e+02  3.119075e+01       840   1
        11L -1.600000e+03 -9.830000e+02  3.329569e+01       924   1
        12L -1.500000e+03 -9.830000e+02  3.577794e+01      1008   1
        13L -1.200000e+03 -9.830000e+02  3.736587e+01      1092   1
        14L -1.400000e+03 -9.830000e+02  3.971897e+01      1176   1
        15L -1.550000e+03 -9.830000e+02  4.194742e+01      1260   1
        16L -1.400000e+03 -9.830000e+02  4.403964e+01      1344   1
        17L -1.250000e+03 -9.830000e+02  4.596969e+01      1428   1
        18L -1.550000e+03 -9.830000e+02  4.804452e+01      1512   1
        19L -1.200000e+03 -9.830000e+02  5.010564e+01      1596   1
        20L -1.550000e+03 -9.830000e+02  5.212244e+01      1680   1
        21L -1.400000e+03 -9.830000e+02  5.420692e+01      1764   1
        22L -2.200000e+03 -9.830000e+02  5.616180e+01      1848   1
        23L -1.800000e+03 -9.830000e+02  5.819236e+01      1932   1
        24L -1.250000e+03 -9.830000e+02  6.026541e+01      2016   1
        25L -1.300000e+03 -9.830000e+02  6.238951e+01      2100   1
        26L -1.600000e+03 -9.830000e+02  6.444837e+01      2184   1
        27L -1.550000e+03 -9.830000e+02  6.655956e+01      2268   1
        28L -1.450000e+03 -9.830000e+02  6.846578e+01      2352   1
        29L -1.600000e+03 -9.830000e+02  7.070519e+01      2436   1
        30L -1.350000e+03 -9.830000e+02  7.271176e+01      2520   1
        31L -1.350000e+03 -9.830000e+02  7.481935e+01      2604   1
        32L -1.750000e+03 -9.830000e+02  7.692897e+01      2688   1
        33L -1.800000e+03 -9.830000e+02  7.891029e+01      2772   1
        34L -1.750000e+03 -9.830000e+02  8.096410e+01      2856   1
        35L -1.150000e+03 -9.830000e+02  8.305064e+01      2940   1
        36L -1.450000e+03 -9.830000e+02  8.518785e+01      3024   1
        37L -1.350000e+03 -9.830000e+02  8.717735e+01      3108   1
        38L -1.450000e+03 -9.830000e+02  8.924417e+01      3192   1
        39L -1.400000e+03 -9.830000e+02  9.130947e+01      3276   1
        40L -1.550000e+03 -9.830000e+02  9.324354e+01      3360   1
        41L -1.300000e+03 -9.830000e+02  9.535232e+01      3444   1
        42L -1.400000e+03 -9.830000e+02  9.741105e+01      3528   1
        43L -1.250000e+03 -9.830000e+02  9.972243e+01      3612   1
        44L -1.600000e+03 -9.830000e+02  1.014214e+02      3696   1
        45L -1.400000e+03 -9.830000e+02  1.036641e+02      3780   1
        46L -1.450000e+03 -9.830000e+02  1.059436e+02      3864   1
        47L -1.450000e+03 -9.830000e+02  1.080854e+02      3948   1
        48L -1.150000e+03 -9.830000e+02  1.101565e+02      4032   1
        49L -1.500000e+03 -9.830000e+02  1.123510e+02      4116   1
        50L -1.350000e+03 -9.830000e+02  1.144313e+02      4200   1
-------------------------------------------------------------------
status         : iteration_limit
total time (s) : 1.144313e+02
total solves   : 4200
best bound     : -9.830000e+02
simulation ci  : -1.455000e+03 ± 5.767252e+01
numeric issues : 0
-------------------------------------------------------------------

────────────────────────────────────────────────────────────────────────────────────
                                           Time                    Allocations      
                                  ───────────────────────   ────────────────────────
        Tot / % measured:               116s /  98.6%           10.4GiB /  98.1%    

Section                   ncalls     time    %tot     avg     alloc    %tot      avg
────────────────────────────────────────────────────────────────────────────────────
backward_pass                 50     109s   95.5%   2.18s   9.71GiB   95.1%   199MiB
  solve_subproblem         3.00k    86.6s   75.9%  28.9ms   9.27GiB   90.8%  3.17MiB
    get_dual_solution      3.00k    77.4s   67.8%  25.8ms   8.76GiB   85.7%  2.99MiB
  prepare_backward_pass      300    494ms    0.4%  1.65ms   43.3MiB    0.4%   148KiB
calculate_bound               50    2.83s    2.5%  56.7ms    164MiB    1.6%  3.29MiB
  get_dual_solution        1.00k    612μs    0.0%   612ns    156KiB    0.0%     160B
forward_pass                  50    2.32s    2.0%  46.3ms    351MiB    3.4%  7.01MiB
  solve_subproblem           200    1.66s    1.5%  8.28ms    252MiB    2.4%  1.26MiB
    get_dual_solution        200    115μs    0.0%   576ns   31.2KiB    0.0%     160B
  sample_scenario             50    252ms    0.2%  5.05ms   25.7MiB    0.2%   527KiB
────────────────────────────────────────────────────────────────────────────────────

-------------------------------------------------------------------
         SDDP.jl (c) Oscar Dowson and contributors, 2017-25
-------------------------------------------------------------------
problem
  nodes           : 4
  state variables : 272
  scenarios       : 1.60000e+05
  existing cuts   : false
options
  solver          : serial mode
  risk measure    : SDDP.Expectation()
  sampling scheme : SDDP.InSampleMonteCarlo
subproblem structure
  VariableRef                             : [686, 686]
  AffExpr in MOI.EqualTo{Float64}         : [110, 110]
  AffExpr in MOI.GreaterThan{Float64}     : [57, 57]
  AffExpr in MOI.LessThan{Float64}        : [84, 84]
  VariableRef in MOI.GreaterThan{Float64} : [81, 82]
  VariableRef in MOI.Integer              : [36, 36]
  VariableRef in MOI.LessThan{Float64}    : [52, 52]
  VariableRef in MOI.ZeroOne              : [329, 329]
numerical stability report
  matrix range     [6e-03, 1e+02]
  objective range  [1e+00, 5e+01]
  bounds range     [1e+00, 9e+03]
  rhs range        [6e+00, 1e+02]
-------------------------------------------------------------------
 iteration    simulation      bound        time (s)     solves  pid
-------------------------------------------------------------------
         1L -1.100000e+03  4.099974e+00  9.680374e+00        84   1
         2L -1.550000e+03  7.786817e+02  1.356488e+01       168   1
         3L -2.200000e+03 -9.830000e+02  1.720686e+01       252   1
         4L -1.300000e+03 -9.830000e+02  1.915355e+01       336   1
         5L -1.650000e+03 -9.830000e+02  2.121166e+01       420   1
         6L -1.250000e+03 -9.830000e+02  2.329834e+01       504   1
         7L -1.100000e+03 -9.830000e+02  2.519471e+01       588   1
         8L -1.300000e+03 -9.830000e+02  2.724666e+01       672   1
         9L -1.400000e+03 -9.830000e+02  2.934288e+01       756   1
        10L -1.750000e+03 -9.830000e+02  3.154476e+01       840   1
        11L -1.450000e+03 -9.830000e+02  3.397914e+01       924   1
        12L -1.600000e+03 -9.830000e+02  3.626880e+01      1008   1
        13L -1.500000e+03 -9.830000e+02  3.837710e+01      1092   1
        14L -1.350000e+03 -9.830000e+02  4.107697e+01      1176   1
        15L -1.600000e+03 -9.830000e+02  4.323200e+01      1260   1
        16L -1.850000e+03 -9.830000e+02  4.552713e+01      1344   1
        17L -1.400000e+03 -9.830000e+02  4.854290e+01      1428   1
        18L -1.350000e+03 -9.830000e+02  5.074231e+01      1512   1
        19L -1.750000e+03 -9.830000e+02  5.291209e+01      1596   1
        20L -1.200000e+03 -9.830000e+02  5.498818e+01      1680   1
        21L -1.950000e+03 -9.830000e+02  5.706820e+01      1764   1
        22L -1.350000e+03 -9.830000e+02  5.915433e+01      1848   1
        23L -1.200000e+03 -9.830000e+02  6.122749e+01      1932   1
        24L -1.100000e+03 -9.830000e+02  6.324186e+01      2016   1
        25L -1.500000e+03 -9.830000e+02  6.539430e+01      2100   1
        26L -1.350000e+03 -9.830000e+02  6.692410e+01      2184   1
        27L -1.350000e+03 -9.830000e+02  6.923017e+01      2268   1
        28L -1.500000e+03 -9.830000e+02  7.164047e+01      2352   1
        29L -1.100000e+03 -9.830000e+02  7.373124e+01      2436   1
        30L -1.500000e+03 -9.830000e+02  7.581050e+01      2520   1
        31L -1.550000e+03 -9.830000e+02  7.778370e+01      2604   1
        32L -1.200000e+03 -9.830000e+02  7.990878e+01      2688   1
        33L -1.250000e+03 -9.830000e+02  8.205242e+01      2772   1
-------------------------------------------------------------------
status         : bound_stalling
total time (s) : 8.205242e+01
total solves   : 2772
best bound     : -9.830000e+02
simulation ci  : -1.440909e+03 ± 8.786678e+01
numeric issues : 0
-------------------------------------------------------------------

────────────────────────────────────────────────────────────────────────────────────
                                           Time                    Allocations      
                                  ───────────────────────   ────────────────────────
        Tot / % measured:              83.6s /  97.2%           7.45GiB /  96.9%    

Section                   ncalls     time    %tot     avg     alloc    %tot      avg
────────────────────────────────────────────────────────────────────────────────────
backward_pass                 33    76.9s   94.7%   2.33s   6.78GiB   93.9%   210MiB
  solve_subproblem         1.98k    60.2s   74.1%  30.4ms   6.36GiB   88.1%  3.29MiB
    get_dual_solution      1.98k    53.9s   66.3%  27.2ms   6.00GiB   83.2%  3.10MiB
  prepare_backward_pass      198    328ms    0.4%  1.66ms   43.3MiB    0.6%   224KiB
calculate_bound               33    2.36s    2.9%  71.6ms    110MiB    1.5%  3.33MiB
  get_dual_solution          660    526μs    0.0%   797ns    103KiB    0.0%     160B
forward_pass                  33    1.94s    2.4%  58.8ms    338MiB    4.6%  10.2MiB
  solve_subproblem           132    1.46s    1.8%  11.0ms    241MiB    3.3%  1.82MiB
    get_dual_solution        132   73.4μs    0.0%   556ns   20.6KiB    0.0%     160B
  sample_scenario             33    197ms    0.2%  5.98ms   25.6MiB    0.3%   795KiB
────────────────────────────────────────────────────────────────────────────────────

-------------------------------------------------------------------
         SDDP.jl (c) Oscar Dowson and contributors, 2017-25
-------------------------------------------------------------------
problem
  nodes           : 4
  state variables : 272
  scenarios       : 6.25000e+06
  existing cuts   : false
options
  solver          : serial mode
  risk measure    : SDDP.Expectation()
  sampling scheme : SDDP.InSampleMonteCarlo
subproblem structure
  VariableRef                             : [686, 686]
  AffExpr in MOI.EqualTo{Float64}         : [110, 110]
  AffExpr in MOI.GreaterThan{Float64}     : [57, 57]
  AffExpr in MOI.LessThan{Float64}        : [84, 84]
  VariableRef in MOI.GreaterThan{Float64} : [81, 82]
  VariableRef in MOI.Integer              : [36, 36]
  VariableRef in MOI.LessThan{Float64}    : [52, 52]
  VariableRef in MOI.ZeroOne              : [329, 329]
numerical stability report
  matrix range     [1e-04, 1e+02]
  objective range  [1e+00, 5e+01]
  bounds range     [1e+00, 9e+03]
  rhs range        [6e+00, 1e+02]
-------------------------------------------------------------------
 iteration    simulation      bound        time (s)     solves  pid
-------------------------------------------------------------------
         1L -1.350000e+03  4.186506e+02  2.289563e+01       204   1
         2L -1.450000e+03 -5.450668e+01  3.452822e+01       408   1
         3L -1.000000e+03 -8.057072e+01  5.066184e+01       612   1
         4L -1.350000e+03 -8.057072e+01  6.933477e+01       816   1
         5L -1.600000e+03 -8.057072e+01  8.820200e+01      1020   1
         6L -1.100000e+03 -8.057072e+01  1.072291e+02      1224   1
         7L -1.150000e+03 -8.057072e+01  1.260132e+02      1428   1
         8L -1.950000e+03 -8.057072e+01  1.458016e+02      1632   1
         9L -1.500000e+03 -8.057072e+01  1.660962e+02      1836   1
        10L -1.750000e+03 -8.057072e+01  1.848431e+02      2040   1
        11L -1.850000e+03 -8.057072e+01  2.034520e+02      2244   1
        12L -1.150000e+03 -8.057072e+01  2.221058e+02      2448   1
        13L -1.600000e+03 -8.057072e+01  2.406423e+02      2652   1
        14L -1.100000e+03 -8.057072e+01  2.593612e+02      2856   1
        15L -1.550000e+03 -8.057072e+01  2.797309e+02      3060   1
        16L -1.000000e+03 -8.057072e+01  3.010325e+02      3264   1
        17L -1.600000e+03 -8.057072e+01  3.213908e+02      3468   1
        18L -1.650000e+03 -8.057072e+01  3.407390e+02      3672   1
        19L -1.700000e+03 -8.057072e+01  3.595485e+02      3876   1
        20L -2.000000e+03 -8.057072e+01  3.787620e+02      4080   1
        21L -1.900000e+03 -8.057072e+01  3.976252e+02      4284   1
        22L -1.850000e+03 -8.057072e+01  4.168252e+02      4488   1
        23L -1.400000e+03 -8.057072e+01  4.358938e+02      4692   1
        24L -1.250000e+03 -8.057072e+01  4.551697e+02      4896   1
        25L -1.400000e+03 -8.057072e+01  4.739687e+02      5100   1
        26L -1.300000e+03 -8.057072e+01  4.928437e+02      5304   1
        27L -1.500000e+03 -8.057072e+01  5.122140e+02      5508   1
        28L -1.250000e+03 -8.057072e+01  5.315304e+02      5712   1
        29L -1.050000e+03 -8.057072e+01  5.513549e+02      5916   1
        30L -1.100000e+03 -8.057072e+01  5.708140e+02      6120   1
        31L -1.550000e+03 -8.057072e+01  5.897402e+02      6324   1
        32L -1.100000e+03 -8.057072e+01  6.095004e+02      6528   1
        33L -1.600000e+03 -8.057072e+01  6.287835e+02      6732   1
-------------------------------------------------------------------
status         : bound_stalling
total time (s) : 6.287835e+02
total solves   : 6732
best bound     : -8.057072e+01
simulation ci  : -1.443939e+03 ± 9.990780e+01
numeric issues : 0
-------------------------------------------------------------------

────────────────────────────────────────────────────────────────────────────────────
                                           Time                    Allocations      
                                  ───────────────────────   ────────────────────────
        Tot / % measured:               630s /  99.6%           48.1GiB /  99.4%    

Section                   ncalls     time    %tot     avg     alloc    %tot      avg
────────────────────────────────────────────────────────────────────────────────────
backward_pass                 33     621s   98.9%   18.8s   47.2GiB   98.8%  1.43GiB
  solve_subproblem         4.95k     582s   92.7%   118ms   46.8GiB   97.8%  9.68MiB
    get_dual_solution      4.95k     569s   90.6%   115ms   46.0GiB   96.1%  9.51MiB
  prepare_backward_pass      198    340ms    0.1%  1.72ms   50.5MiB    0.1%   261KiB
calculate_bound               33    4.84s    0.8%   147ms    269MiB    0.5%  8.14MiB
  get_dual_solution        1.65k    979μs    0.0%   594ns    258KiB    0.0%     160B
forward_pass                  33    2.04s    0.3%  61.8ms    338MiB    0.7%  10.2MiB
  solve_subproblem           132    1.56s    0.2%  11.8ms    241MiB    0.5%  1.82MiB
    get_dual_solution        132   70.0μs    0.0%   531ns   20.6KiB    0.0%     160B
  sample_scenario             33    196ms    0.0%  5.95ms   25.7MiB    0.1%   798KiB
────────────────────────────────────────────────────────────────────────────────────

-------------------------------------------------------------------
         SDDP.jl (c) Oscar Dowson and contributors, 2017-25
-------------------------------------------------------------------
problem
  nodes           : 4
  state variables : 83
  scenarios       : 1.60000e+05
  existing cuts   : false
options
  solver          : serial mode
  risk measure    : SDDP.Expectation()
  sampling scheme : SDDP.InSampleMonteCarlo
subproblem structure
  VariableRef                             : [308, 308]
  AffExpr in MOI.EqualTo{Float64}         : [110, 110]
  AffExpr in MOI.GreaterThan{Float64}     : [57, 57]
  AffExpr in MOI.LessThan{Float64}        : [84, 84]
  VariableRef in MOI.GreaterThan{Float64} : [164, 165]
  VariableRef in MOI.Integer              : [119, 119]
  VariableRef in MOI.LessThan{Float64}    : [135, 135]
  VariableRef in MOI.ZeroOne              : [57, 57]
numerical stability report
  matrix range     [6e-03, 1e+02]
  objective range  [1e+00, 5e+01]
  bounds range     [1e+00, 9e+03]
  rhs range        [6e+00, 1e+02]
-------------------------------------------------------------------
 iteration    simulation      bound        time (s)     solves  pid
-------------------------------------------------------------------
         1  -1.300000e+03 -1.840480e+02  3.969489e+00        84   1
         2  -9.500000e+02 -1.840480e+02  4.158435e+00       168   1
         3  -1.300000e+03 -1.840480e+02  4.221251e+00       252   1
         4  -1.450000e+03 -1.840480e+02  4.275629e+00       336   1
         5  -1.250000e+03 -1.840480e+02  4.328276e+00       420   1
         6  -1.450000e+03 -1.840480e+02  4.380615e+00       504   1
         7  -1.550000e+03 -1.840480e+02  4.433066e+00       588   1
         8  -1.250000e+03 -1.840480e+02  4.485661e+00       672   1
         9  -1.150000e+03 -1.840480e+02  4.538385e+00       756   1
        10  -1.850000e+03 -1.840480e+02  4.620252e+00       840   1
        11  -1.700000e+03 -1.840480e+02  4.673199e+00       924   1
        12  -1.900000e+03 -1.840480e+02  4.726039e+00      1008   1
        13  -1.250000e+03 -1.840480e+02  4.778933e+00      1092   1
        14  -1.800000e+03 -1.840480e+02  4.832478e+00      1176   1
        15  -1.400000e+03 -1.840480e+02  4.885350e+00      1260   1
        16  -1.600000e+03 -1.840480e+02  4.938010e+00      1344   1
        17  -1.200000e+03 -1.840480e+02  4.990699e+00      1428   1
        18  -1.300000e+03 -1.840480e+02  5.043322e+00      1512   1
        19  -1.350000e+03 -1.840480e+02  5.096310e+00      1596   1
        20  -1.850000e+03 -1.840480e+02  5.149139e+00      1680   1
        21  -2.000000e+03 -1.840480e+02  5.202164e+00      1764   1
        22  -1.700000e+03 -1.840480e+02  5.255210e+00      1848   1
        23  -1.650000e+03 -1.840480e+02  5.308235e+00      1932   1
        24  -1.150000e+03 -1.840480e+02  5.361500e+00      2016   1
        25  -1.400000e+03 -1.840480e+02  5.414633e+00      2100   1
        26  -1.250000e+03 -1.840480e+02  5.467815e+00      2184   1
        27  -1.350000e+03 -1.840480e+02  5.521096e+00      2268   1
        28  -1.550000e+03 -1.840480e+02  5.574642e+00      2352   1
        29  -1.100000e+03 -1.840480e+02  5.628158e+00      2436   1
        30  -1.650000e+03 -1.840480e+02  5.681274e+00      2520   1
        31  -1.500000e+03 -1.840480e+02  5.735042e+00      2604   1
        32  -1.300000e+03 -1.840480e+02  5.807172e+00      2688   1
        33  -1.850000e+03 -1.840480e+02  5.860312e+00      2772   1
        34  -1.400000e+03 -1.840480e+02  5.913548e+00      2856   1
        35  -1.350000e+03 -1.840480e+02  5.966649e+00      2940   1
        36  -1.750000e+03 -1.840480e+02  6.019891e+00      3024   1
        37  -1.500000e+03 -1.840480e+02  6.073367e+00      3108   1
        38  -1.300000e+03 -1.840480e+02  6.126790e+00      3192   1
        39  -1.400000e+03 -1.840480e+02  6.180268e+00      3276   1
        40  -1.550000e+03 -1.840480e+02  6.233585e+00      3360   1
        41  -1.650000e+03 -1.840480e+02  6.287700e+00      3444   1
        42  -1.550000e+03 -1.840480e+02  6.341534e+00      3528   1
        43  -1.400000e+03 -1.840480e+02  6.395785e+00      3612   1
        44  -1.350000e+03 -1.840480e+02  6.449663e+00      3696   1
        45  -2.050000e+03 -1.840480e+02  6.503839e+00      3780   1
        46  -1.800000e+03 -1.840480e+02  6.557905e+00      3864   1
        47  -1.400000e+03 -1.840480e+02  6.612551e+00      3948   1
        48  -1.500000e+03 -1.840480e+02  6.676419e+00      4032   1
        49  -1.350000e+03 -1.840480e+02  6.730404e+00      4116   1
        50  -1.200000e+03 -1.840480e+02  6.784161e+00      4200   1
        51  -1.200000e+03 -1.840480e+02  6.838728e+00      4284   1
        52  -1.400000e+03 -1.840480e+02  6.892930e+00      4368   1
        53  -1.500000e+03 -1.840480e+02  6.947135e+00      4452   1
        54  -1.800000e+03 -1.840480e+02  7.000985e+00      4536   1
        55  -1.600000e+03 -1.840480e+02  7.055279e+00      4620   1
        56  -1.300000e+03 -1.840480e+02  7.109445e+00      4704   1
        57  -1.450000e+03 -1.840480e+02  7.164102e+00      4788   1
        58  -1.500000e+03 -1.840480e+02  7.218586e+00      4872   1
        59  -1.300000e+03 -1.840480e+02  7.273474e+00      4956   1
        60  -1.250000e+03 -1.840480e+02  7.335963e+00      5040   1
        61  -1.200000e+03 -1.840480e+02  7.390213e+00      5124   1
        62  -1.350000e+03 -1.840480e+02  7.444953e+00      5208   1
        63  -1.600000e+03 -1.840480e+02  7.499463e+00      5292   1
        64  -1.700000e+03 -1.840480e+02  7.554504e+00      5376   1
        65  -1.600000e+03 -1.840480e+02  7.609326e+00      5460   1
        66  -1.850000e+03 -1.840480e+02  7.664723e+00      5544   1
        67  -1.500000e+03 -1.840480e+02  7.719283e+00      5628   1
        68  -1.650000e+03 -1.840480e+02  7.774203e+00      5712   1
        69  -1.650000e+03 -1.840480e+02  7.829313e+00      5796   1
        70  -1.400000e+03 -1.840480e+02  7.893204e+00      5880   1
        71  -1.200000e+03 -1.840480e+02  7.948084e+00      5964   1
        72  -1.450000e+03 -1.840480e+02  8.002745e+00      6048   1
        73  -1.500000e+03 -1.840480e+02  8.058130e+00      6132   1
        74  -1.850000e+03 -1.840480e+02  8.113840e+00      6216   1
        75  -1.500000e+03 -1.840480e+02  8.169112e+00      6300   1
        76  -1.600000e+03 -1.840480e+02  8.223995e+00      6384   1
        77  -1.350000e+03 -1.840480e+02  8.279510e+00      6468   1
        78  -1.200000e+03 -1.840480e+02  8.334358e+00      6552   1
        79  -1.650000e+03 -1.840480e+02  8.399102e+00      6636   1
        80  -1.700000e+03 -1.840480e+02  8.455635e+00      6720   1
        81  -1.450000e+03 -1.840480e+02  8.511150e+00      6804   1
        82  -1.500000e+03 -1.840480e+02  8.566784e+00      6888   1
        83  -1.500000e+03 -1.840480e+02  8.622472e+00      6972   1
        84  -1.800000e+03 -1.840480e+02  8.678288e+00      7056   1
        85  -1.500000e+03 -1.840480e+02  8.734045e+00      7140   1
        86  -1.500000e+03 -1.840480e+02  8.796717e+00      7224   1
        87  -2.100000e+03 -1.840480e+02  8.852128e+00      7308   1
        88  -1.750000e+03 -1.840480e+02  8.907600e+00      7392   1
        89  -1.200000e+03 -1.840480e+02  8.963503e+00      7476   1
        90  -1.550000e+03 -1.840480e+02  9.018925e+00      7560   1
        91  -1.600000e+03 -1.840480e+02  9.074731e+00      7644   1
        92  -1.100000e+03 -1.840480e+02  9.130813e+00      7728   1
        93  -1.300000e+03 -1.840480e+02  9.194149e+00      7812   1
        94  -1.550000e+03 -1.840480e+02  9.249912e+00      7896   1
        95  -1.350000e+03 -1.840480e+02  9.306145e+00      7980   1
        96  -1.200000e+03 -1.840480e+02  9.362078e+00      8064   1
        97  -1.400000e+03 -1.840480e+02  9.417835e+00      8148   1
        98  -1.700000e+03 -1.840480e+02  9.473983e+00      8232   1
        99  -1.600000e+03 -1.840480e+02  9.536383e+00      8316   1
       100  -1.450000e+03 -1.840480e+02  9.593097e+00      8400   1
       101  -1.350000e+03 -1.840480e+02  9.649578e+00      8484   1
       102  -1.750000e+03 -1.840480e+02  9.706734e+00      8568   1
       103  -1.350000e+03 -1.840480e+02  9.763911e+00      8652   1
       104  -1.350000e+03 -1.840480e+02  9.820291e+00      8736   1
       105  -1.350000e+03 -1.840480e+02  9.876644e+00      8820   1
       106  -1.400000e+03 -1.840480e+02  9.939649e+00      8904   1
       107  -1.300000e+03 -1.840480e+02  9.996579e+00      8988   1
       108  -1.350000e+03 -1.840480e+02  1.005318e+01      9072   1
       109  -1.250000e+03 -1.840480e+02  1.011003e+01      9156   1
       110  -1.450000e+03 -1.840480e+02  1.016720e+01      9240   1
       111  -1.300000e+03 -1.840480e+02  1.022414e+01      9324   1
       112  -1.350000e+03 -1.840480e+02  1.028836e+01      9408   1
       113  -1.350000e+03 -1.840480e+02  1.034583e+01      9492   1
       114  -1.500000e+03 -1.840480e+02  1.040280e+01      9576   1
       115  -1.400000e+03 -1.840480e+02  1.045994e+01      9660   1
       116  -1.650000e+03 -1.840480e+02  1.051692e+01      9744   1
       117  -1.400000e+03 -1.840480e+02  1.058019e+01      9828   1
       118  -1.250000e+03 -1.840480e+02  1.063755e+01      9912   1
       119  -1.150000e+03 -1.840480e+02  1.069553e+01      9996   1
       120  -1.200000e+03 -1.840480e+02  1.075276e+01     10080   1
       121  -1.600000e+03 -1.840480e+02  1.081008e+01     10164   1
       122  -1.400000e+03 -1.840480e+02  1.086745e+01     10248   1
       123  -1.200000e+03 -1.840480e+02  1.093040e+01     10332   1
       124  -1.400000e+03 -1.840480e+02  1.098765e+01     10416   1
       125  -1.350000e+03 -1.840480e+02  1.104520e+01     10500   1
       126  -1.400000e+03 -1.840480e+02  1.110314e+01     10584   1
       127  -1.700000e+03 -1.840480e+02  1.116069e+01     10668   1
       128  -1.250000e+03 -1.840480e+02  1.122409e+01     10752   1
       129  -1.350000e+03 -1.840480e+02  1.128274e+01     10836   1
       130  -1.350000e+03 -1.840480e+02  1.134133e+01     10920   1
       131  -1.350000e+03 -1.840480e+02  1.139967e+01     11004   1
       132  -1.100000e+03 -1.840480e+02  1.145868e+01     11088   1
       133  -1.350000e+03 -1.840480e+02  1.152240e+01     11172   1
       134  -1.150000e+03 -1.840480e+02  1.160712e+01     11256   1
       135  -1.250000e+03 -1.840480e+02  1.166568e+01     11340   1
       136  -1.500000e+03 -1.840480e+02  1.172463e+01     11424   1
       137  -1.300000e+03 -1.840480e+02  1.178335e+01     11508   1
       138  -1.500000e+03 -1.840480e+02  1.184736e+01     11592   1
       139  -1.100000e+03 -1.840480e+02  1.190580e+01     11676   1
       140  -1.050000e+03 -1.840480e+02  1.196492e+01     11760   1
       141  -1.100000e+03 -1.840480e+02  1.202384e+01     11844   1
       142  -1.250000e+03 -1.840480e+02  1.208838e+01     11928   1
       143  -1.550000e+03 -1.840480e+02  1.214718e+01     12012   1
       144  -1.800000e+03 -1.840480e+02  1.220582e+01     12096   1
       145  -1.250000e+03 -1.840480e+02  1.226452e+01     12180   1
       146  -1.500000e+03 -1.840480e+02  1.232338e+01     12264   1
       147  -1.700000e+03 -1.840480e+02  1.238745e+01     12348   1
       148  -1.450000e+03 -1.840480e+02  1.244632e+01     12432   1
       149  -1.450000e+03 -1.840480e+02  1.250532e+01     12516   1
       150  -1.450000e+03 -1.840480e+02  1.256466e+01     12600   1
       151  -1.550000e+03 -1.840480e+02  1.262439e+01     12684   1
       152  -1.850000e+03 -1.840480e+02  1.269026e+01     12768   1
       153  -1.000000e+03 -1.840480e+02  1.274992e+01     12852   1
       154  -2.050000e+03 -1.840480e+02  1.280932e+01     12936   1
       155  -1.100000e+03 -1.840480e+02  1.286856e+01     13020   1
       156  -1.600000e+03 -1.840480e+02  1.293250e+01     13104   1
       157  -1.450000e+03 -1.840480e+02  1.299221e+01     13188   1
       158  -1.000000e+03 -1.840480e+02  1.305173e+01     13272   1
       159  -1.700000e+03 -1.840480e+02  1.311175e+01     13356   1
       160  -1.350000e+03 -1.840480e+02  1.317595e+01     13440   1
       161  -1.150000e+03 -1.840480e+02  1.323640e+01     13524   1
       162  -1.800000e+03 -1.840480e+02  1.329672e+01     13608   1
       163  -1.450000e+03 -1.840480e+02  1.335664e+01     13692   1
       164  -1.300000e+03 -1.840480e+02  1.342109e+01     13776   1
       165  -1.800000e+03 -1.840480e+02  1.348159e+01     13860   1
       166  -1.850000e+03 -1.840480e+02  1.354259e+01     13944   1
       167  -1.400000e+03 -1.840480e+02  1.360302e+01     14028   1
       168  -1.550000e+03 -1.840480e+02  1.366959e+01     14112   1
       169  -1.250000e+03 -1.840480e+02  1.373048e+01     14196   1
       170  -1.300000e+03 -1.840480e+02  1.379116e+01     14280   1
       171  -1.600000e+03 -1.840480e+02  1.385171e+01     14364   1
       172  -1.000000e+03 -1.840480e+02  1.391772e+01     14448   1
       173  -1.800000e+03 -1.840480e+02  1.397795e+01     14532   1
       174  -1.100000e+03 -1.840480e+02  1.403795e+01     14616   1
       175  -1.450000e+03 -1.840480e+02  1.409885e+01     14700   1
       176  -1.600000e+03 -1.840480e+02  1.416491e+01     14784   1
       177  -1.450000e+03 -1.840480e+02  1.422609e+01     14868   1
       178  -1.300000e+03 -1.840480e+02  1.428668e+01     14952   1
       179  -1.450000e+03 -1.840480e+02  1.434730e+01     15036   1
       180  -1.400000e+03 -1.840480e+02  1.441239e+01     15120   1
       181  -1.750000e+03 -1.840480e+02  1.447295e+01     15204   1
       182  -1.150000e+03 -1.840480e+02  1.453397e+01     15288   1
       183  -1.400000e+03 -1.840480e+02  1.459536e+01     15372   1
       184  -1.300000e+03 -1.840480e+02  1.466115e+01     15456   1
       185  -1.650000e+03 -1.840480e+02  1.472251e+01     15540   1
       186  -1.300000e+03 -1.840480e+02  1.478426e+01     15624   1
       187  -1.000000e+03 -1.840480e+02  1.484536e+01     15708   1
       188  -1.250000e+03 -1.840480e+02  1.491166e+01     15792   1
       189  -1.350000e+03 -1.840480e+02  1.497264e+01     15876   1
       190  -1.350000e+03 -1.840480e+02  1.503408e+01     15960   1
       191  -1.700000e+03 -1.840480e+02  1.510083e+01     16044   1
       192  -1.200000e+03 -1.840480e+02  1.516257e+01     16128   1
       193  -1.250000e+03 -1.840480e+02  1.522403e+01     16212   1
       194  -1.800000e+03 -1.840480e+02  1.528551e+01     16296   1
       195  -1.250000e+03 -1.840480e+02  1.535128e+01     16380   1
       196  -1.250000e+03 -1.840480e+02  1.541279e+01     16464   1
       197  -1.500000e+03 -1.840480e+02  1.547423e+01     16548   1
       198  -1.250000e+03 -1.840480e+02  1.553597e+01     16632   1
       199  -1.550000e+03 -1.840480e+02  1.560237e+01     16716   1
       200  -1.750000e+03 -1.840480e+02  1.566484e+01     16800   1
       201  -1.150000e+03 -1.840480e+02  1.572746e+01     16884   1
       202  -1.450000e+03 -1.840480e+02  1.579472e+01     16968   1
       203  -1.150000e+03 -1.840480e+02  1.585706e+01     17052   1
       204  -1.550000e+03 -1.840480e+02  1.591948e+01     17136   1
       205  -1.250000e+03 -1.840480e+02  1.598636e+01     17220   1
       206  -1.300000e+03 -1.840480e+02  1.604931e+01     17304   1
       207  -1.950000e+03 -1.840480e+02  1.611229e+01     17388   1
       208  -1.450000e+03 -1.840480e+02  1.617476e+01     17472   1
       209  -1.100000e+03 -1.840480e+02  1.624224e+01     17556   1
       210  -1.400000e+03 -1.840480e+02  1.630508e+01     17640   1
       211  -1.950000e+03 -1.840480e+02  1.636768e+01     17724   1
       212  -1.550000e+03 -1.840480e+02  1.643563e+01     17808   1
       213  -1.400000e+03 -1.840480e+02  1.649883e+01     17892   1
       214  -1.400000e+03 -1.840480e+02  1.656200e+01     17976   1
       215  -1.250000e+03 -1.840480e+02  1.662874e+01     18060   1
       216  -1.550000e+03 -1.840480e+02  1.669193e+01     18144   1
       217  -1.550000e+03 -1.840480e+02  1.675531e+01     18228   1
       218  -1.150000e+03 -1.840480e+02  1.681856e+01     18312   1
       219  -1.300000e+03 -1.840480e+02  1.688584e+01     18396   1
       220  -1.350000e+03 -1.840480e+02  1.694899e+01     18480   1
       221  -1.200000e+03 -1.840480e+02  1.701239e+01     18564   1
       222  -1.300000e+03 -1.840480e+02  1.708123e+01     18648   1
       223  -1.650000e+03 -1.840480e+02  1.714493e+01     18732   1
       224  -1.300000e+03 -1.840480e+02  1.720812e+01     18816   1
       225  -1.600000e+03 -1.840480e+02  1.727673e+01     18900   1
       226  -1.550000e+03 -1.840480e+02  1.734054e+01     18984   1
       227  -1.500000e+03 -1.840480e+02  1.740418e+01     19068   1
       228  -2.000000e+03 -1.840480e+02  1.747201e+01     19152   1
       229  -1.300000e+03 -1.840480e+02  1.753562e+01     19236   1
       230  -1.350000e+03 -1.840480e+02  1.760019e+01     19320   1
       231  -1.700000e+03 -1.840480e+02  1.766979e+01     19404   1
       232  -1.550000e+03 -1.840480e+02  1.773392e+01     19488   1
       233  -1.400000e+03 -1.840480e+02  1.779808e+01     19572   1
       234  -1.900000e+03 -1.840480e+02  1.786710e+01     19656   1
       235  -1.500000e+03 -1.840480e+02  1.793134e+01     19740   1
       236  -1.250000e+03 -1.840480e+02  1.799578e+01     19824   1
       237  -1.550000e+03 -1.840480e+02  1.806440e+01     19908   1
       238  -1.300000e+03 -1.840480e+02  1.812930e+01     19992   1
       239  -1.300000e+03 -1.840480e+02  1.819390e+01     20076   1
       240  -1.650000e+03 -1.840480e+02  1.826234e+01     20160   1
       241  -1.650000e+03 -1.840480e+02  1.832655e+01     20244   1
       242  -1.100000e+03 -1.840480e+02  1.839103e+01     20328   1
       243  -1.650000e+03 -1.840480e+02  1.846118e+01     20412   1
       244  -1.550000e+03 -1.840480e+02  1.852587e+01     20496   1
       245  -1.150000e+03 -1.840480e+02  1.859146e+01     20580   1
       246  -1.200000e+03 -1.840480e+02  1.866128e+01     20664   1
       247  -1.800000e+03 -1.840480e+02  1.872586e+01     20748   1
       248  -1.800000e+03 -1.840480e+02  1.879083e+01     20832   1
       249  -1.350000e+03 -1.840480e+02  1.885994e+01     20916   1
       250  -1.350000e+03 -1.840480e+02  1.892496e+01     21000   1
       251  -1.600000e+03 -1.840480e+02  1.899040e+01     21084   1
       252  -1.300000e+03 -1.840480e+02  1.905951e+01     21168   1
       253  -1.000000e+03 -1.840480e+02  1.912500e+01     21252   1
       254  -1.500000e+03 -1.840480e+02  1.919437e+01     21336   1
       255  -1.450000e+03 -1.840480e+02  1.925976e+01     21420   1
       256  -1.900000e+03 -1.840480e+02  1.932545e+01     21504   1
       257  -1.250000e+03 -1.840480e+02  1.939546e+01     21588   1
       258  -1.250000e+03 -1.840480e+02  1.946076e+01     21672   1
       259  -1.050000e+03 -1.840480e+02  1.952642e+01     21756   1
       260  -1.500000e+03 -1.840480e+02  1.959788e+01     21840   1
       261  -1.600000e+03 -1.840480e+02  1.966458e+01     21924   1
       262  -1.250000e+03 -1.840480e+02  1.973368e+01     22008   1
       263  -1.200000e+03 -1.840480e+02  1.980778e+01     22092   1
       264  -1.700000e+03 -1.840480e+02  1.987478e+01     22176   1
       265  -1.700000e+03 -1.840480e+02  1.994533e+01     22260   1
       266  -1.100000e+03 -1.840480e+02  2.001147e+01     22344   1
       267  -1.600000e+03 -1.840480e+02  2.007776e+01     22428   1
       268  -1.050000e+03 -1.840480e+02  2.014782e+01     22512   1
       269  -1.700000e+03 -1.840480e+02  2.021414e+01     22596   1
       270  -1.500000e+03 -1.840480e+02  2.028108e+01     22680   1
       271  -1.400000e+03 -1.840480e+02  2.035145e+01     22764   1
       272  -1.400000e+03 -1.840480e+02  2.041797e+01     22848   1
       273  -1.550000e+03 -1.840480e+02  2.048833e+01     22932   1
       274  -2.050000e+03 -1.840480e+02  2.055500e+01     23016   1
       275  -1.350000e+03 -1.840480e+02  2.062203e+01     23100   1
       276  -1.550000e+03 -1.840480e+02  2.069289e+01     23184   1
       277  -1.650000e+03 -1.840480e+02  2.075982e+01     23268   1
       278  -1.600000e+03 -1.840480e+02  2.082750e+01     23352   1
       279  -1.600000e+03 -1.840480e+02  2.089922e+01     23436   1
       280  -1.800000e+03 -1.840480e+02  2.096685e+01     23520   1
       281  -1.650000e+03 -1.840480e+02  2.103875e+01     23604   1
       282  -1.400000e+03 -1.840480e+02  2.110626e+01     23688   1
       283  -1.400000e+03 -1.840480e+02  2.117361e+01     23772   1
       284  -1.450000e+03 -1.840480e+02  2.124500e+01     23856   1
       285  -1.300000e+03 -1.840480e+02  2.131277e+01     23940   1
       286  -1.300000e+03 -1.840480e+02  2.138467e+01     24024   1
       287  -1.250000e+03 -1.840480e+02  2.145238e+01     24108   1
       288  -1.700000e+03 -1.840480e+02  2.152016e+01     24192   1
       289  -1.250000e+03 -1.840480e+02  2.159186e+01     24276   1
       290  -1.400000e+03 -1.840480e+02  2.166076e+01     24360   1
       291  -1.450000e+03 -1.840480e+02  2.173214e+01     24444   1
       292  -1.250000e+03 -1.840480e+02  2.180046e+01     24528   1
       293  -1.050000e+03 -1.840480e+02  2.186894e+01     24612   1
       294  -1.350000e+03 -1.840480e+02  2.194070e+01     24696   1
       295  -1.050000e+03 -1.840480e+02  2.200892e+01     24780   1
       296  -1.450000e+03 -1.840480e+02  2.208296e+01     24864   1
       297  -1.700000e+03 -1.840480e+02  2.215257e+01     24948   1
       298  -1.650000e+03 -1.840480e+02  2.222520e+01     25032   1
       299  -1.800000e+03 -1.840480e+02  2.229497e+01     25116   1
       300  -1.050000e+03 -1.840480e+02  2.236435e+01     25200   1
-------------------------------------------------------------------
status         : iteration_limit
total time (s) : 2.236435e+01
total solves   : 25200
best bound     : -1.840480e+02
simulation ci  : -1.445500e+03 ± 2.597286e+01
numeric issues : 0
-------------------------------------------------------------------

────────────────────────────────────────────────────────────────────────────────────
                                           Time                    Allocations      
                                  ───────────────────────   ────────────────────────
        Tot / % measured:              23.5s /  91.9%           5.53GiB /  96.6%    

Section                   ncalls     time    %tot     avg     alloc    %tot      avg
────────────────────────────────────────────────────────────────────────────────────
backward_pass                300    11.2s   51.7%  37.3ms   4.55GiB   85.1%  15.5MiB
  solve_subproblem         18.0k    6.66s   30.8%   370μs   1.73GiB   32.4%   101KiB
    get_dual_solution      18.0k    1.09s    5.1%  60.7μs    634MiB   11.6%  36.1KiB
  prepare_backward_pass    1.80k    1.00s    4.6%   557μs    295MiB    5.4%   168KiB
calculate_bound              300    7.32s   33.9%  24.4ms    386MiB    7.1%  1.29MiB
  get_dual_solution        6.00k   2.24ms    0.0%   374ns    938KiB    0.0%     160B
forward_pass                 300    3.11s   14.4%  10.4ms    429MiB    7.8%  1.43MiB
  solve_subproblem         1.20k    2.61s   12.1%  2.17ms    328MiB    6.0%   280KiB
    get_dual_solution      1.20k    464μs    0.0%   386ns    188KiB    0.0%     160B
  sample_scenario            300    198ms    0.9%   662μs   26.4MiB    0.5%  90.0KiB
────────────────────────────────────────────────────────────────────────────────────

-------------------------------------------------------------------
         SDDP.jl (c) Oscar Dowson and contributors, 2017-25
-------------------------------------------------------------------
problem
  nodes           : 4
  state variables : 83
  scenarios       : 1.60000e+05
  existing cuts   : false
options
  solver          : serial mode
  risk measure    : SDDP.Expectation()
  sampling scheme : SDDP.InSampleMonteCarlo
subproblem structure
  VariableRef                             : [308, 308]
  AffExpr in MOI.EqualTo{Float64}         : [110, 110]
  AffExpr in MOI.GreaterThan{Float64}     : [57, 57]
  AffExpr in MOI.LessThan{Float64}        : [84, 84]
  VariableRef in MOI.GreaterThan{Float64} : [164, 165]
  VariableRef in MOI.Integer              : [119, 119]
  VariableRef in MOI.LessThan{Float64}    : [135, 135]
  VariableRef in MOI.ZeroOne              : [57, 57]
numerical stability report
  matrix range     [6e-03, 1e+02]
  objective range  [1e+00, 5e+01]
  bounds range     [1e+00, 9e+03]
  rhs range        [6e+00, 1e+02]
-------------------------------------------------------------------
 iteration    simulation      bound        time (s)     solves  pid
-------------------------------------------------------------------
         1S -1.650000e+03 -7.809932e+02  5.619872e-01        84   1
         2S -1.450000e+03 -7.809932e+02  8.011661e-01       168   1
         3S -1.200000e+03 -7.809932e+02  1.047409e+00       252   1
         4S -1.400000e+03 -7.809932e+02  1.307469e+00       336   1
         5S -1.200000e+03 -7.809932e+02  1.586981e+00       420   1
         6S -1.450000e+03 -7.809932e+02  1.842356e+00       504   1
         7S -1.300000e+03 -7.809932e+02  2.090942e+00       588   1
         8S -1.850000e+03 -7.809932e+02  2.339302e+00       672   1
         9S -1.450000e+03 -7.809932e+02  2.586828e+00       756   1
        10S -1.650000e+03 -7.809932e+02  2.835017e+00       840   1
        11S -1.650000e+03 -7.809932e+02  3.099434e+00       924   1
        12S -1.250000e+03 -7.809932e+02  3.347120e+00      1008   1
        13S -1.450000e+03 -7.809932e+02  3.594220e+00      1092   1
        14S -1.650000e+03 -7.809932e+02  3.841693e+00      1176   1
        15S -1.250000e+03 -7.809932e+02  4.089615e+00      1260   1
        16S -1.250000e+03 -7.809932e+02  4.338379e+00      1344   1
        17S -1.800000e+03 -7.809932e+02  4.597491e+00      1428   1
        18S -1.100000e+03 -7.809932e+02  4.844784e+00      1512   1
        19S -1.600000e+03 -7.809932e+02  5.092129e+00      1596   1
        20S -1.300000e+03 -7.809932e+02  5.341108e+00      1680   1
        21S -1.250000e+03 -7.809932e+02  5.600611e+00      1764   1
        22S -1.200000e+03 -7.809932e+02  5.848788e+00      1848   1
        23S -1.150000e+03 -7.809932e+02  6.103102e+00      1932   1
        24S -1.750000e+03 -7.809932e+02  6.351656e+00      2016   1
        25S -1.700000e+03 -7.809932e+02  6.609443e+00      2100   1
        26S -1.400000e+03 -7.809932e+02  6.857379e+00      2184   1
        27S -1.350000e+03 -7.809932e+02  7.105696e+00      2268   1
        28S -1.400000e+03 -7.809932e+02  7.353962e+00      2352   1
        29S -1.500000e+03 -7.809932e+02  7.602646e+00      2436   1
        30S -1.250000e+03 -7.809932e+02  7.871975e+00      2520   1
        31S -1.150000e+03 -7.809932e+02  8.120508e+00      2604   1
        32S -1.400000e+03 -7.809932e+02  8.369062e+00      2688   1
        33S -1.050000e+03 -7.809932e+02  8.617573e+00      2772   1
        34S -1.350000e+03 -7.809932e+02  8.875471e+00      2856   1
        35S -1.750000e+03 -7.809932e+02  9.124746e+00      2940   1
        36S -1.200000e+03 -7.809932e+02  9.375054e+00      3024   1
        37S -1.800000e+03 -7.809932e+02  9.623917e+00      3108   1
        38S -1.350000e+03 -7.809932e+02  9.881153e+00      3192   1
        39S -1.000000e+03 -7.809932e+02  1.012998e+01      3276   1
        40S -1.250000e+03 -7.809932e+02  1.037894e+01      3360   1
        41S -1.550000e+03 -7.809932e+02  1.062842e+01      3444   1
        42S -1.150000e+03 -7.809932e+02  1.088664e+01      3528   1
        43S -1.450000e+03 -7.809932e+02  1.113669e+01      3612   1
        44S -1.100000e+03 -7.809932e+02  1.138563e+01      3696   1
        45S -1.550000e+03 -7.809932e+02  1.163414e+01      3780   1
        46S -1.650000e+03 -7.809932e+02  1.189129e+01      3864   1
        47S -1.200000e+03 -7.809932e+02  1.214112e+01      3948   1
        48S -9.500000e+02 -7.809932e+02  1.238993e+01      4032   1
        49S -1.500000e+03 -7.809932e+02  1.263910e+01      4116   1
        50S -1.500000e+03 -7.809932e+02  1.289777e+01      4200   1
        51S -1.950000e+03 -7.809932e+02  1.314796e+01      4284   1
        52S -1.850000e+03 -7.809932e+02  1.339778e+01      4368   1
        53S -1.400000e+03 -7.809932e+02  1.364791e+01      4452   1
        54S -1.000000e+03 -7.809932e+02  1.390557e+01      4536   1
        55S -1.050000e+03 -7.809932e+02  1.415539e+01      4620   1
        56S -1.850000e+03 -7.809932e+02  1.440496e+01      4704   1
        57S -1.450000e+03 -7.809932e+02  1.465477e+01      4788   1
        58S -1.200000e+03 -7.809932e+02  1.491161e+01      4872   1
        59S -2.100000e+03 -7.809932e+02  1.516191e+01      4956   1
        60S -1.300000e+03 -7.809932e+02  1.541135e+01      5040   1
        61S -1.300000e+03 -7.809932e+02  1.566254e+01      5124   1
        62S -1.550000e+03 -7.809932e+02  1.592004e+01      5208   1
        63S -1.500000e+03 -7.809932e+02  1.617012e+01      5292   1
        64S -1.250000e+03 -7.809932e+02  1.641963e+01      5376   1
        65S -1.400000e+03 -7.809932e+02  1.667905e+01      5460   1
        66S -1.250000e+03 -7.809932e+02  1.692894e+01      5544   1
        67S -1.600000e+03 -7.809932e+02  1.717932e+01      5628   1
        68S -1.350000e+03 -7.809932e+02  1.742900e+01      5712   1
        69S -1.050000e+03 -7.809932e+02  1.768842e+01      5796   1
        70S -1.600000e+03 -7.809932e+02  1.795234e+01      5880   1
        71S -1.750000e+03 -7.809932e+02  1.820328e+01      5964   1
        72S -1.300000e+03 -7.809932e+02  1.845292e+01      6048   1
        73S -1.600000e+03 -7.809932e+02  1.871259e+01      6132   1
        74S -1.300000e+03 -7.809932e+02  1.896213e+01      6216   1
        75S -1.550000e+03 -7.809932e+02  1.921328e+01      6300   1
        76S -1.550000e+03 -7.809932e+02  1.946319e+01      6384   1
        77S -1.500000e+03 -7.809932e+02  1.972402e+01      6468   1
        78S -1.400000e+03 -7.809932e+02  1.997444e+01      6552   1
        79S -1.050000e+03 -7.809932e+02  2.022519e+01      6636   1
        80S -1.750000e+03 -7.809932e+02  2.048530e+01      6720   1
        81S -1.250000e+03 -7.809932e+02  2.073604e+01      6804   1
        82S -1.700000e+03 -7.809932e+02  2.098577e+01      6888   1
        83S -1.400000e+03 -7.809932e+02  2.123831e+01      6972   1
        84S -1.750000e+03 -7.809932e+02  2.149979e+01      7056   1
        85S -1.300000e+03 -7.809932e+02  2.175139e+01      7140   1
        86S -1.450000e+03 -7.809932e+02  2.200202e+01      7224   1
        87S -1.250000e+03 -7.809932e+02  2.226217e+01      7308   1
        88S -1.800000e+03 -7.809932e+02  2.251326e+01      7392   1
        89S -1.350000e+03 -7.809932e+02  2.276474e+01      7476   1
        90S -1.600000e+03 -7.809932e+02  2.301651e+01      7560   1
        91S -1.350000e+03 -7.809932e+02  2.327623e+01      7644   1
        92S -1.350000e+03 -7.809932e+02  2.352753e+01      7728   1
        93S -1.350000e+03 -7.809932e+02  2.377874e+01      7812   1
        94S -1.700000e+03 -7.809932e+02  2.403012e+01      7896   1
        95S -1.350000e+03 -7.809932e+02  2.429073e+01      7980   1
        96S -1.400000e+03 -7.809932e+02  2.454285e+01      8064   1
        97S -1.000000e+03 -7.809932e+02  2.479401e+01      8148   1
        98S -1.400000e+03 -7.809932e+02  2.505325e+01      8232   1
        99S -1.050000e+03 -7.809932e+02  2.530558e+01      8316   1
       100S -2.150000e+03 -7.809932e+02  2.555791e+01      8400   1
       101S -1.200000e+03 -7.809932e+02  2.581028e+01      8484   1
       102S -1.400000e+03 -7.809932e+02  2.606946e+01      8568   1
       103S -1.400000e+03 -7.809932e+02  2.632220e+01      8652   1
       104S -1.300000e+03 -7.809932e+02  2.657442e+01      8736   1
       105S -1.100000e+03 -7.809932e+02  2.683486e+01      8820   1
       106S -1.700000e+03 -7.809932e+02  2.708803e+01      8904   1
       107S -1.500000e+03 -7.809932e+02  2.733994e+01      8988   1
       108S -1.200000e+03 -7.809932e+02  2.759446e+01      9072   1
       109S -1.250000e+03 -7.809932e+02  2.785536e+01      9156   1
       110S -1.650000e+03 -7.809932e+02  2.810883e+01      9240   1
       111S -1.400000e+03 -7.809932e+02  2.836174e+01      9324   1
       112S -1.750000e+03 -7.809932e+02  2.862217e+01      9408   1
       113S -1.800000e+03 -7.809932e+02  2.887484e+01      9492   1
       114S -1.400000e+03 -7.809932e+02  2.912712e+01      9576   1
       115S -1.850000e+03 -7.809932e+02  2.938708e+01      9660   1
       116S -1.350000e+03 -7.809932e+02  2.963980e+01      9744   1
       117S -1.300000e+03 -7.809932e+02  2.989282e+01      9828   1
       118S -1.200000e+03 -7.809932e+02  3.014575e+01      9912   1
       119S -1.500000e+03 -7.809932e+02  3.040853e+01      9996   1
       120S -1.450000e+03 -7.809932e+02  3.066112e+01     10080   1
       121S -1.250000e+03 -7.809932e+02  3.091359e+01     10164   1
       122S -1.350000e+03 -7.809932e+02  3.117525e+01     10248   1
       123S -1.500000e+03 -7.809932e+02  3.142768e+01     10332   1
       124S -1.500000e+03 -7.809932e+02  3.168109e+01     10416   1
       125S -1.500000e+03 -7.809932e+02  3.194128e+01     10500   1
       126S -1.750000e+03 -7.809932e+02  3.219497e+01     10584   1
       127S -1.450000e+03 -7.809932e+02  3.244837e+01     10668   1
       128S -1.000000e+03 -7.809932e+02  3.270226e+01     10752   1
       129S -1.550000e+03 -7.809932e+02  3.298530e+01     10836   1
       130S -1.650000e+03 -7.809932e+02  3.323839e+01     10920   1
       131S -1.850000e+03 -7.809932e+02  3.350360e+01     11004   1
       132S -1.200000e+03 -7.809932e+02  3.399877e+01     11088   1
       133S -1.200000e+03 -7.809932e+02  3.425139e+01     11172   1
       134S -2.200000e+03 -7.809932e+02  3.450277e+01     11256   1
       135S -1.700000e+03 -7.809932e+02  3.475644e+01     11340   1
       136S -1.600000e+03 -7.809932e+02  3.501013e+01     11424   1
       137S -2.200000e+03 -7.809932e+02  3.526445e+01     11508   1
       138S -1.800000e+03 -7.809932e+02  3.551980e+01     11592   1
       139S -1.300000e+03 -7.809932e+02  3.578541e+01     11676   1
       140S -1.400000e+03 -7.809932e+02  3.603790e+01     11760   1
       141S -1.250000e+03 -7.809932e+02  3.629141e+01     11844   1
       142S -1.350000e+03 -7.809932e+02  3.654418e+01     11928   1
       143S -1.700000e+03 -7.809932e+02  3.680443e+01     12012   1
       144S -1.350000e+03 -7.809932e+02  3.705779e+01     12096   1
       145S -1.500000e+03 -7.809932e+02  3.731073e+01     12180   1
       146S -1.350000e+03 -7.809932e+02  3.757359e+01     12264   1
       147S -1.100000e+03 -7.809932e+02  3.782868e+01     12348   1
       148S -1.650000e+03 -7.809932e+02  3.808214e+01     12432   1
       149S -2.200000e+03 -7.809932e+02  3.834107e+01     12516   1
       150S -1.250000e+03 -7.809932e+02  3.859486e+01     12600   1
       151S -1.400000e+03 -7.809932e+02  3.884798e+01     12684   1
       152S -1.450000e+03 -7.809932e+02  3.910598e+01     12768   1
       153S -1.650000e+03 -7.809932e+02  3.935991e+01     12852   1
       154S -1.200000e+03 -7.809932e+02  3.961818e+01     12936   1
       155S -2.000000e+03 -7.809932e+02  3.987111e+01     13020   1
       156S -1.500000e+03 -7.809932e+02  4.012918e+01     13104   1
       157S -1.200000e+03 -7.809932e+02  4.038279e+01     13188   1
       158S -1.300000e+03 -7.809932e+02  4.064029e+01     13272   1
       159S -1.750000e+03 -7.809932e+02  4.089796e+01     13356   1
       160S -1.450000e+03 -7.809932e+02  4.115214e+01     13440   1
       161S -1.100000e+03 -7.809932e+02  4.141000e+01     13524   1
       162S -1.750000e+03 -7.809932e+02  4.166435e+01     13608   1
       163S -1.400000e+03 -7.809932e+02  4.192323e+01     13692   1
       164S -1.550000e+03 -7.809932e+02  4.217885e+01     13776   1
       165S -1.150000e+03 -7.809932e+02  4.244021e+01     13860   1
       166S -1.200000e+03 -7.809932e+02  4.269463e+01     13944   1
       167S -1.450000e+03 -7.809932e+02  4.295472e+01     14028   1
       168S -1.300000e+03 -7.809932e+02  4.320984e+01     14112   1
       169S -1.200000e+03 -7.809932e+02  4.346843e+01     14196   1
       170S -1.450000e+03 -7.809932e+02  4.372284e+01     14280   1
       171S -1.400000e+03 -7.809932e+02  4.398170e+01     14364   1
       172S -1.150000e+03 -7.809932e+02  4.423702e+01     14448   1
       173S -1.300000e+03 -7.809932e+02  4.449608e+01     14532   1
       174S -1.550000e+03 -7.809932e+02  4.475476e+01     14616   1
       175S -1.700000e+03 -7.809932e+02  4.500957e+01     14700   1
       176S -1.350000e+03 -7.809932e+02  4.526853e+01     14784   1
       177S -1.200000e+03 -7.809932e+02  4.552344e+01     14868   1
       178S -1.350000e+03 -7.809932e+02  4.578284e+01     14952   1
       179S -1.500000e+03 -7.809932e+02  4.604766e+01     15036   1
       180S -1.600000e+03 -7.809932e+02  4.630734e+01     15120   1
       181S -1.200000e+03 -7.809932e+02  4.656293e+01     15204   1
       182S -1.750000e+03 -7.809932e+02  4.682160e+01     15288   1
       183S -1.150000e+03 -7.809932e+02  4.707790e+01     15372   1
       184S -1.700000e+03 -7.809932e+02  4.733887e+01     15456   1
       185S -1.750000e+03 -7.809932e+02  4.760025e+01     15540   1
       186S -1.100000e+03 -7.809932e+02  4.785605e+01     15624   1
       187S -1.700000e+03 -7.809932e+02  4.811687e+01     15708   1
       188S -1.400000e+03 -7.809932e+02  4.837191e+01     15792   1
       189S -1.350000e+03 -7.809932e+02  4.863218e+01     15876   1
       190S -1.550000e+03 -7.809932e+02  4.888744e+01     15960   1
       191S -1.100000e+03 -7.809932e+02  4.914754e+01     16044   1
       192S -1.300000e+03 -7.809932e+02  4.940315e+01     16128   1
       193S -1.150000e+03 -7.809932e+02  4.966324e+01     16212   1
       194S -1.500000e+03 -7.809932e+02  4.992385e+01     16296   1
       195S -1.050000e+03 -7.809932e+02  5.018046e+01     16380   1
       196S -1.800000e+03 -7.809932e+02  5.044082e+01     16464   1
       197S -1.300000e+03 -7.809932e+02  5.069672e+01     16548   1
       198S -1.650000e+03 -7.809932e+02  5.095705e+01     16632   1
       199S -1.150000e+03 -7.809932e+02  5.121403e+01     16716   1
       200S -1.700000e+03 -7.809932e+02  5.147592e+01     16800   1
       201S -1.500000e+03 -7.809932e+02  5.173556e+01     16884   1
       202S -1.600000e+03 -7.809932e+02  5.199031e+01     16968   1
       203S -1.550000e+03 -7.809932e+02  5.225122e+01     17052   1
       204S -1.300000e+03 -7.809932e+02  5.250608e+01     17136   1
       205S -1.600000e+03 -7.809932e+02  5.276769e+01     17220   1
       206S -2.000000e+03 -7.809932e+02  5.304281e+01     17304   1
       207S -1.000000e+03 -7.809932e+02  5.332172e+01     17388   1
       208S -1.750000e+03 -7.809932e+02  5.358291e+01     17472   1
       209S -1.200000e+03 -7.809932e+02  5.383948e+01     17556   1
       210S -1.200000e+03 -7.809932e+02  5.410173e+01     17640   1
       211S -1.350000e+03 -7.809932e+02  5.435965e+01     17724   1
       212S -1.500000e+03 -7.809932e+02  5.462059e+01     17808   1
       213S -1.550000e+03 -7.809932e+02  5.488026e+01     17892   1
       214S -1.600000e+03 -7.809932e+02  5.514097e+01     17976   1
       215S -1.550000e+03 -7.809932e+02  5.540440e+01     18060   1
       216S -1.200000e+03 -7.809932e+02  5.566221e+01     18144   1
       217S -1.600000e+03 -7.809932e+02  5.592497e+01     18228   1
       218S -1.100000e+03 -7.809932e+02  5.618249e+01     18312   1
       219S -1.250000e+03 -7.809932e+02  5.644305e+01     18396   1
       220S -1.300000e+03 -7.809932e+02  5.670671e+01     18480   1
       221S -1.150000e+03 -7.809932e+02  5.699574e+01     18564   1
       222S -1.500000e+03 -7.809932e+02  5.725746e+01     18648   1
       223S -1.850000e+03 -7.809932e+02  5.758967e+01     18732   1
       224S -1.750000e+03 -7.809932e+02  5.789614e+01     18816   1
       225S -1.500000e+03 -7.809932e+02  5.815825e+01     18900   1
       226S -1.400000e+03 -7.809932e+02  5.841522e+01     18984   1
       227S -1.150000e+03 -7.809932e+02  5.867807e+01     19068   1
       228S -1.650000e+03 -7.809932e+02  5.893426e+01     19152   1
       229S -1.300000e+03 -7.809932e+02  5.919540e+01     19236   1
       230S -1.250000e+03 -7.809932e+02  5.945551e+01     19320   1
       231S -1.650000e+03 -7.809932e+02  5.971402e+01     19404   1
       232S -1.550000e+03 -7.809932e+02  5.997568e+01     19488   1
       233S -1.550000e+03 -7.809932e+02  6.023300e+01     19572   1
       234S -1.250000e+03 -7.809932e+02  6.049472e+01     19656   1
       235S -1.250000e+03 -7.809932e+02  6.075506e+01     19740   1
       236S -1.300000e+03 -7.809932e+02  6.101279e+01     19824   1
       237S -1.200000e+03 -7.809932e+02  6.127447e+01     19908   1
       238S -1.500000e+03 -7.809932e+02  6.153161e+01     19992   1
       239S -1.500000e+03 -7.809932e+02  6.181450e+01     20076   1
       240S -1.700000e+03 -7.809932e+02  6.207564e+01     20160   1
       241S -1.350000e+03 -7.809932e+02  6.233351e+01     20244   1
       242S -1.950000e+03 -7.809932e+02  6.259558e+01     20328   1
       243S -1.750000e+03 -7.809932e+02  6.285643e+01     20412   1
       244S -1.500000e+03 -7.809932e+02  6.311988e+01     20496   1
       245S -1.650000e+03 -7.809932e+02  6.338101e+01     20580   1
       246S -1.800000e+03 -7.809932e+02  6.363966e+01     20664   1
       247S -1.850000e+03 -7.809932e+02  6.390179e+01     20748   1
       248S -1.500000e+03 -7.809932e+02  6.416504e+01     20832   1
       249S -1.350000e+03 -7.809932e+02  6.443590e+01     20916   1
       250S -1.400000e+03 -7.809932e+02  6.474294e+01     21000   1
       251S -1.500000e+03 -7.809932e+02  6.500262e+01     21084   1
       252S -1.200000e+03 -7.809932e+02  6.526654e+01     21168   1
       253S -1.850000e+03 -7.809932e+02  6.553163e+01     21252   1
       254S -1.250000e+03 -7.809932e+02  6.580045e+01     21336   1
       255S -1.750000e+03 -7.809932e+02  6.608071e+01     21420   1
       256S -1.700000e+03 -7.809932e+02  6.634532e+01     21504   1
       257S -1.350000e+03 -7.809932e+02  6.660372e+01     21588   1
       258S -1.450000e+03 -7.809932e+02  6.686612e+01     21672   1
       259S -1.650000e+03 -7.809932e+02  6.713059e+01     21756   1
       260S -1.450000e+03 -7.809932e+02  6.738926e+01     21840   1
       261S -1.900000e+03 -7.809932e+02  6.765243e+01     21924   1
       262S -1.350000e+03 -7.809932e+02  6.798324e+01     22008   1
       263S -1.250000e+03 -7.809932e+02  6.824711e+01     22092   1
       264S -1.150000e+03 -7.809932e+02  6.851114e+01     22176   1
       265S -1.400000e+03 -7.809932e+02  6.877197e+01     22260   1
       266S -1.450000e+03 -7.809932e+02  6.904752e+01     22344   1
       267S -1.300000e+03 -7.809932e+02  6.931272e+01     22428   1
       268S -1.900000e+03 -7.809932e+02  6.957265e+01     22512   1
       269S -1.200000e+03 -7.809932e+02  6.983717e+01     22596   1
       270S -1.750000e+03 -7.809932e+02  7.010032e+01     22680   1
       271S -1.250000e+03 -7.809932e+02  7.035859e+01     22764   1
       272S -1.600000e+03 -7.809932e+02  7.062299e+01     22848   1
       273S -1.300000e+03 -7.809932e+02  7.088606e+01     22932   1
       274S -1.050000e+03 -7.809932e+02  7.114688e+01     23016   1
       275S -1.250000e+03 -7.809932e+02  7.141195e+01     23100   1
       276S -1.250000e+03 -7.809932e+02  7.167735e+01     23184   1
       277S -1.400000e+03 -7.809932e+02  7.193832e+01     23268   1
       278S -1.700000e+03 -7.809932e+02  7.220976e+01     23352   1
       279S -1.300000e+03 -7.809932e+02  7.247463e+01     23436   1
       280S -1.800000e+03 -7.809932e+02  7.273536e+01     23520   1
       281S -1.650000e+03 -7.809932e+02  7.300020e+01     23604   1
       282S -1.300000e+03 -7.809932e+02  7.328924e+01     23688   1
       283S -1.150000e+03 -7.809932e+02  7.355076e+01     23772   1
       284S -1.300000e+03 -7.809932e+02  7.381646e+01     23856   1
       285S -1.450000e+03 -7.809932e+02  7.408329e+01     23940   1
       286S -9.500000e+02 -7.809932e+02  7.434359e+01     24024   1
       287S -1.250000e+03 -7.809932e+02  7.460997e+01     24108   1
       288S -1.550000e+03 -7.809932e+02  7.487370e+01     24192   1
       289S -1.200000e+03 -7.809932e+02  7.513512e+01     24276   1
       290S -1.250000e+03 -7.809932e+02  7.539959e+01     24360   1
       291S -1.800000e+03 -7.809932e+02  7.566543e+01     24444   1
       292S -1.400000e+03 -7.809932e+02  7.592586e+01     24528   1
       293S -1.350000e+03 -7.809932e+02  7.619105e+01     24612   1
       294S -1.900000e+03 -7.809932e+02  7.645653e+01     24696   1
       295S -1.400000e+03 -7.809932e+02  7.671828e+01     24780   1
       296S -1.450000e+03 -7.809932e+02  7.698540e+01     24864   1
       297S -1.650000e+03 -7.809932e+02  7.725277e+01     24948   1
       298S -2.000000e+03 -7.809932e+02  7.751774e+01     25032   1
       299S -1.100000e+03 -7.809932e+02  7.778599e+01     25116   1
       300S -1.450000e+03 -7.809932e+02  7.805417e+01     25200   1
-------------------------------------------------------------------
status         : iteration_limit
total time (s) : 7.805417e+01
total solves   : 25200
best bound     : -7.809932e+02
simulation ci  : -1.445667e+03 ± 2.815501e+01
numeric issues : 0
-------------------------------------------------------------------

────────────────────────────────────────────────────────────────────────────────────
                                           Time                    Allocations      
                                  ───────────────────────   ────────────────────────
        Tot / % measured:              78.1s /  99.9%           10.4GiB /  99.8%    

Section                   ncalls     time    %tot     avg     alloc    %tot      avg
────────────────────────────────────────────────────────────────────────────────────
backward_pass                300    68.6s   88.0%   229ms   9.92GiB   95.6%  33.9MiB
  solve_subproblem         18.0k    65.8s   84.4%  3.66ms   7.49GiB   72.1%   436KiB
    get_dual_solution      18.0k    37.8s   48.5%  2.10ms   6.36GiB   61.3%   371KiB
  prepare_backward_pass    1.80k   1.24ms    0.0%   688ns    180KiB    0.0%     102B
calculate_bound              300    7.54s    9.7%  25.1ms    383MiB    3.6%  1.28MiB
  get_dual_solution        6.00k   2.38ms    0.0%   397ns    938KiB    0.0%     160B
forward_pass                 300    1.85s    2.4%  6.17ms   87.2MiB    0.8%   298KiB
  solve_subproblem         1.20k    1.84s    2.4%  1.53ms   79.0MiB    0.7%  67.4KiB
    get_dual_solution      1.20k    471μs    0.0%   392ns    188KiB    0.0%     160B
  sample_scenario            300   3.57ms    0.0%  11.9μs    793KiB    0.0%  2.64KiB
────────────────────────────────────────────────────────────────────────────────────

-------------------------------------------------------------------
         SDDP.jl (c) Oscar Dowson and contributors, 2017-25
-------------------------------------------------------------------
problem
  nodes           : 4
  state variables : 83
  scenarios       : 1.60000e+05
  existing cuts   : false
options
  solver          : serial mode
  risk measure    : SDDP.Expectation()
  sampling scheme : SDDP.InSampleMonteCarlo
subproblem structure
  VariableRef                             : [308, 308]
  AffExpr in MOI.EqualTo{Float64}         : [110, 110]
  AffExpr in MOI.GreaterThan{Float64}     : [57, 57]
  AffExpr in MOI.LessThan{Float64}        : [84, 84]
  VariableRef in MOI.GreaterThan{Float64} : [164, 165]
  VariableRef in MOI.Integer              : [119, 119]
  VariableRef in MOI.LessThan{Float64}    : [135, 135]
  VariableRef in MOI.ZeroOne              : [57, 57]
numerical stability report
  matrix range     [6e-03, 1e+02]
  objective range  [1e+00, 5e+01]
  bounds range     [1e+00, 9e+03]
  rhs range        [6e+00, 1e+02]
-------------------------------------------------------------------
 iteration    simulation      bound        time (s)     solves  pid
-------------------------------------------------------------------
         1L -1.550000e+03 -9.306499e+02  2.270604e+00        84   1
         2L -1.300000e+03 -9.306499e+02  3.022098e+00       168   1
         3L -1.850000e+03 -9.315787e+02  3.771609e+00       252   1
         4L -1.550000e+03 -9.318431e+02  4.570197e+00       336   1
         5L -1.750000e+03 -9.318431e+02  5.377162e+00       420   1
         6L -1.900000e+03 -9.318431e+02  6.184200e+00       504   1
         7L -1.350000e+03 -9.318431e+02  6.990069e+00       588   1
         8L -1.400000e+03 -9.318431e+02  7.841696e+00       672   1
         9L -1.700000e+03 -9.318431e+02  8.698911e+00       756   1
        10L -1.250000e+03 -9.318431e+02  9.650601e+00       840   1
        11L -1.150000e+03 -9.318431e+02  1.047955e+01       924   1
        12L -1.250000e+03 -9.318431e+02  1.137641e+01      1008   1
        13L -9.500000e+02 -9.318431e+02  1.219131e+01      1092   1
        14L -1.300000e+03 -9.318431e+02  1.319540e+01      1176   1
        15L -1.100000e+03 -9.318431e+02  1.405212e+01      1260   1
        16L -1.300000e+03 -9.318431e+02  1.485704e+01      1344   1
        17L -1.250000e+03 -9.318431e+02  1.566609e+01      1428   1
        18L -1.450000e+03 -9.318431e+02  1.648062e+01      1512   1
        19L -1.500000e+03 -9.318431e+02  1.728511e+01      1596   1
        20L -1.450000e+03 -9.318431e+02  1.808711e+01      1680   1
        21L -1.550000e+03 -9.318431e+02  1.889111e+01      1764   1
        22L -1.850000e+03 -9.318431e+02  1.970230e+01      1848   1
        23L -1.700000e+03 -9.318431e+02  2.050562e+01      1932   1
        24L -1.600000e+03 -9.318431e+02  2.130714e+01      2016   1
        25L -1.050000e+03 -9.318431e+02  2.211407e+01      2100   1
        26L -1.250000e+03 -9.318431e+02  2.291927e+01      2184   1
        27L -1.600000e+03 -9.318431e+02  2.372669e+01      2268   1
        28L -1.550000e+03 -9.318431e+02  2.453034e+01      2352   1
        29L -1.100000e+03 -9.318431e+02  2.533664e+01      2436   1
        30L -1.500000e+03 -9.318431e+02  2.614250e+01      2520   1
        31L -1.700000e+03 -9.318431e+02  2.694825e+01      2604   1
        32L -1.550000e+03 -9.318431e+02  2.775424e+01      2688   1
        33L -1.550000e+03 -9.318431e+02  2.859595e+01      2772   1
        34L -1.650000e+03 -9.318431e+02  2.939785e+01      2856   1
-------------------------------------------------------------------
status         : bound_stalling
total time (s) : 2.939785e+01
total solves   : 2856
best bound     : -9.318431e+02
simulation ci  : -1.455882e+03 ± 8.137070e+01
numeric issues : 0
-------------------------------------------------------------------

────────────────────────────────────────────────────────────────────────────────────
                                           Time                    Allocations      
                                  ───────────────────────   ────────────────────────
        Tot / % measured:              29.4s /  99.8%           2.16GiB /  98.9%    

Section                   ncalls     time    %tot     avg     alloc    %tot      avg
────────────────────────────────────────────────────────────────────────────────────
backward_pass                 34    28.2s   96.0%   830ms   2.08GiB   97.5%  62.8MiB
  solve_subproblem         2.04k    27.4s   93.4%  13.5ms   1.85GiB   86.5%   951KiB
    get_dual_solution      2.04k    23.4s   79.7%  11.5ms   1.69GiB   79.0%   868KiB
  prepare_backward_pass      204    291ms    1.0%  1.42ms   38.9MiB    1.8%   195KiB
calculate_bound               34    971ms    3.3%  28.5ms   43.5MiB    2.0%  1.28MiB
  get_dual_solution          680    275μs    0.0%   404ns    106KiB    0.0%     160B
forward_pass                  34    210ms    0.7%  6.16ms   12.0MiB    0.5%   362KiB
  solve_subproblem           136    208ms    0.7%  1.53ms   11.1MiB    0.5%  83.5KiB
    get_dual_solution        136   55.4μs    0.0%   407ns   21.2KiB    0.0%     160B
  sample_scenario             34    456μs    0.0%  13.4μs   89.9KiB    0.0%  2.64KiB
────────────────────────────────────────────────────────────────────────────────────

-------------------------------------------------------------------
         SDDP.jl (c) Oscar Dowson and contributors, 2017-25
-------------------------------------------------------------------
problem
  nodes           : 4
  state variables : 83
  scenarios       : 1.60000e+05
  existing cuts   : false
options
  solver          : serial mode
  risk measure    : SDDP.Expectation()
  sampling scheme : SDDP.InSampleMonteCarlo
subproblem structure
  VariableRef                             : [308, 308]
  AffExpr in MOI.EqualTo{Float64}         : [110, 110]
  AffExpr in MOI.GreaterThan{Float64}     : [57, 57]
  AffExpr in MOI.LessThan{Float64}        : [84, 84]
  VariableRef in MOI.GreaterThan{Float64} : [164, 165]
  VariableRef in MOI.Integer              : [119, 119]
  VariableRef in MOI.LessThan{Float64}    : [135, 135]
  VariableRef in MOI.ZeroOne              : [57, 57]
numerical stability report
  matrix range     [6e-03, 1e+02]
  objective range  [1e+00, 5e+01]
  bounds range     [1e+00, 9e+03]
  rhs range        [6e+00, 1e+02]
-------------------------------------------------------------------
 iteration    simulation      bound        time (s)     solves  pid
-------------------------------------------------------------------
         1  -1.300000e+03 -1.840480e+02  2.910521e-01        84   1
         2  -1.400000e+03 -1.840480e+02  3.451190e-01       168   1
         3S -1.200000e+03 -7.809932e+02  5.838430e-01       252   1
         4L -1.200000e+03 -9.306499e+02  1.323357e+00       336   1
         5S -1.500000e+03 -9.306499e+02  1.599767e+00       420   1
         6L -1.100000e+03 -9.306499e+02  2.349462e+00       504   1
         7  -1.300000e+03 -9.306499e+02  2.400279e+00       588   1
         8S -1.550000e+03 -9.306499e+02  2.671036e+00       672   1
         9L -1.300000e+03 -9.306499e+02  3.408664e+00       756   1
        10  -1.600000e+03 -9.306499e+02  3.459174e+00       840   1
        11S -1.250000e+03 -9.306499e+02  3.716748e+00       924   1
        12L -1.500000e+03 -9.306499e+02  4.448760e+00      1008   1
        13  -1.500000e+03 -9.306499e+02  4.499164e+00      1092   1
        14S -1.750000e+03 -9.306499e+02  4.752952e+00      1176   1
        15L -1.500000e+03 -9.306934e+02  5.491146e+00      1260   1
        16S -1.250000e+03 -9.306934e+02  5.759216e+00      1344   1
        17L -1.200000e+03 -9.344269e+02  6.564554e+00      1428   1
        18S -1.850000e+03 -9.344269e+02  6.841076e+00      1512   1
        19L -1.400000e+03 -9.344269e+02  7.639142e+00      1596   1
        20  -1.500000e+03 -9.344269e+02  7.691077e+00      1680   1
        21S -1.050000e+03 -9.344269e+02  7.969397e+00      1764   1
        22L -1.800000e+03 -9.344269e+02  8.770810e+00      1848   1
        23  -1.500000e+03 -9.344269e+02  8.822820e+00      1932   1
        24S -1.300000e+03 -9.344269e+02  9.089766e+00      2016   1
        25L -1.650000e+03 -9.344269e+02  9.886264e+00      2100   1
        26  -1.150000e+03 -9.344269e+02  9.950790e+00      2184   1
        27S -1.250000e+03 -9.344269e+02  1.022519e+01      2268   1
        28L -1.350000e+03 -9.344269e+02  1.102016e+01      2352   1
        29  -1.750000e+03 -9.344269e+02  1.107657e+01      2436   1
        30S -1.750000e+03 -9.344269e+02  1.135124e+01      2520   1
        31L -1.150000e+03 -9.344269e+02  1.214883e+01      2604   1
        32  -2.000000e+03 -9.344269e+02  1.220504e+01      2688   1
        33S -1.450000e+03 -9.344269e+02  1.247523e+01      2772   1
        34L -1.150000e+03 -9.344269e+02  1.327084e+01      2856   1
        35  -1.100000e+03 -9.344269e+02  1.332709e+01      2940   1
        36S -1.200000e+03 -9.344269e+02  1.360249e+01      3024   1
        37L -1.050000e+03 -9.344269e+02  1.439664e+01      3108   1
        38  -1.500000e+03 -9.344269e+02  1.445301e+01      3192   1
        39S -1.250000e+03 -9.344269e+02  1.472328e+01      3276   1
        40L -1.350000e+03 -9.344269e+02  1.551969e+01      3360   1
        41  -1.700000e+03 -9.344269e+02  1.558102e+01      3444   1
        42S -1.100000e+03 -9.344269e+02  1.585266e+01      3528   1
        43L -1.200000e+03 -9.344269e+02  1.664752e+01      3612   1
        44  -1.300000e+03 -9.344269e+02  1.670415e+01      3696   1
        45S -1.200000e+03 -9.344269e+02  1.698091e+01      3780   1
        46L -1.150000e+03 -9.344269e+02  1.777151e+01      3864   1
        47  -1.500000e+03 -9.344269e+02  1.782830e+01      3948   1
-------------------------------------------------------------------
status         : bound_stalling
total time (s) : 1.782830e+01
total solves   : 3948
best bound     : -9.344269e+02
simulation ci  : -1.384043e+03 ± 6.698918e+01
numeric issues : 0
-------------------------------------------------------------------

────────────────────────────────────────────────────────────────────────────────────
                                           Time                    Allocations      
                                  ───────────────────────   ────────────────────────
        Tot / % measured:              17.9s /  99.5%           1.46GiB /  98.4%    

Section                   ncalls     time    %tot     avg     alloc    %tot      avg
────────────────────────────────────────────────────────────────────────────────────
backward_pass                 47    16.4s   92.0%   349ms   1.36GiB   94.8%  29.6MiB
  solve_subproblem         2.82k    16.1s   90.5%  5.72ms   1.30GiB   90.6%   483KiB
    get_dual_solution      2.82k    12.5s   70.3%  4.44ms   1.12GiB   78.3%   417KiB
  prepare_backward_pass      282    140ms    0.8%   497μs   38.2MiB    2.6%   139KiB
calculate_bound               47    1.15s    6.5%  24.5ms   60.1MiB    4.1%  1.28MiB
  get_dual_solution          940    378μs    0.0%   402ns    147KiB    0.0%     160B
forward_pass                  47    267ms    1.5%  5.69ms   15.7MiB    1.1%   342KiB
  solve_subproblem           188    265ms    1.5%  1.41ms   14.4MiB    1.0%  78.5KiB
    get_dual_solution        188   75.7μs    0.0%   403ns   29.4KiB    0.0%     160B
  sample_scenario             47    552μs    0.0%  11.7μs    123KiB    0.0%  2.62KiB
────────────────────────────────────────────────────────────────────────────────────

-------------------------------------------------------------------
         SDDP.jl (c) Oscar Dowson and contributors, 2017-25
-------------------------------------------------------------------
problem
  nodes           : 4
  state variables : 272
  scenarios       : 1.60000e+05
  existing cuts   : false
options
  solver          : serial mode
  risk measure    : SDDP.Expectation()
  sampling scheme : SDDP.InSampleMonteCarlo
subproblem structure
  VariableRef                             : [686, 686]
  AffExpr in MOI.EqualTo{Float64}         : [110, 110]
  AffExpr in MOI.GreaterThan{Float64}     : [57, 57]
  AffExpr in MOI.LessThan{Float64}        : [84, 84]
  VariableRef in MOI.GreaterThan{Float64} : [81, 82]
  VariableRef in MOI.Integer              : [36, 36]
  VariableRef in MOI.LessThan{Float64}    : [52, 52]
  VariableRef in MOI.ZeroOne              : [329, 329]
numerical stability report
  matrix range     [6e-03, 1e+02]
  objective range  [1e+00, 5e+01]
  bounds range     [1e+00, 9e+03]
  rhs range        [6e+00, 1e+02]
-------------------------------------------------------------------
 iteration    simulation      bound        time (s)     solves  pid
-------------------------------------------------------------------
         1  -1.700000e+03 -1.840480e+02  1.071968e-01        84   1
         2  -1.500000e+03 -1.840480e+02  1.948638e-01       168   1
         3  -1.850000e+03 -1.840480e+02  2.944238e-01       252   1
         4  -1.200000e+03 -1.840480e+02  3.812828e-01       336   1
         5  -1.050000e+03 -1.840480e+02  4.687469e-01       420   1
         6  -1.450000e+03 -1.840480e+02  5.557609e-01       504   1
         7  -1.300000e+03 -1.840480e+02  6.519048e-01       588   1
         8  -1.800000e+03 -1.840480e+02  7.389688e-01       672   1
         9  -1.350000e+03 -1.840480e+02  8.274069e-01       756   1
        10  -1.450000e+03 -1.840480e+02  9.203980e-01       840   1
        11  -1.400000e+03 -1.840480e+02  1.008812e+00       924   1
        12  -1.400000e+03 -1.840480e+02  1.097264e+00      1008   1
        13  -1.200000e+03 -1.840480e+02  1.189085e+00      1092   1
        14  -1.600000e+03 -1.840480e+02  1.277565e+00      1176   1
        15  -1.700000e+03 -1.840480e+02  1.369942e+00      1260   1
        16  -1.350000e+03 -1.840480e+02  1.458046e+00      1344   1
        17  -1.250000e+03 -1.840480e+02  1.551763e+00      1428   1
        18  -1.400000e+03 -1.840480e+02  1.640018e+00      1512   1
        19  -1.500000e+03 -1.840480e+02  1.734331e+00      1596   1
        20  -1.400000e+03 -1.840480e+02  1.822786e+00      1680   1
        21  -1.300000e+03 -1.840480e+02  1.911767e+00      1764   1
        22  -1.700000e+03 -1.840480e+02  2.004293e+00      1848   1
        23  -1.650000e+03 -1.840480e+02  2.093967e+00      1932   1
        24  -1.800000e+03 -1.840480e+02  2.187225e+00      2016   1
        25  -1.150000e+03 -1.840480e+02  2.276486e+00      2100   1
        26  -1.500000e+03 -1.840480e+02  2.369993e+00      2184   1
        27  -1.300000e+03 -1.840480e+02  2.460255e+00      2268   1
        28  -1.500000e+03 -1.840480e+02  2.552786e+00      2352   1
        29  -1.250000e+03 -1.840480e+02  2.642682e+00      2436   1
        30  -1.750000e+03 -1.840480e+02  2.735926e+00      2520   1
        31  -1.050000e+03 -1.840480e+02  2.825567e+00      2604   1
        32  -1.300000e+03 -1.840480e+02  2.921118e+00      2688   1
        33  -1.300000e+03 -1.840480e+02  3.012446e+00      2772   1
        34  -1.400000e+03 -1.840480e+02  3.105881e+00      2856   1
        35  -1.700000e+03 -1.840480e+02  3.196939e+00      2940   1
        36  -1.300000e+03 -1.840480e+02  3.290645e+00      3024   1
        37  -1.250000e+03 -1.840480e+02  3.384980e+00      3108   1
        38  -1.700000e+03 -1.840480e+02  3.475191e+00      3192   1
        39  -1.500000e+03 -1.840480e+02  3.569197e+00      3276   1
        40  -1.250000e+03 -1.840480e+02  3.661055e+00      3360   1
        41  -1.550000e+03 -1.840480e+02  3.759339e+00      3444   1
        42  -1.700000e+03 -1.840480e+02  3.851284e+00      3528   1
        43  -1.300000e+03 -1.840480e+02  3.979677e+00      3612   1
        44  -1.250000e+03 -1.840480e+02  4.075289e+00      3696   1
        45  -1.350000e+03 -1.840480e+02  4.171583e+00      3780   1
        46  -1.600000e+03 -1.840480e+02  4.282257e+00      3864   1
        47  -1.300000e+03 -1.840480e+02  4.374989e+00      3948   1
        48  -1.600000e+03 -1.840480e+02  4.472212e+00      4032   1
        49  -1.550000e+03 -1.840480e+02  4.568563e+00      4116   1
        50  -1.750000e+03 -1.840480e+02  4.661573e+00      4200   1
        51  -1.400000e+03 -1.840480e+02  4.756686e+00      4284   1
        52  -1.200000e+03 -1.840480e+02  4.848670e+00      4368   1
        53  -1.500000e+03 -1.840480e+02  4.945479e+00      4452   1
        54  -1.000000e+03 -1.840480e+02  5.041484e+00      4536   1
        55  -1.850000e+03 -1.840480e+02  5.134208e+00      4620   1
        56  -1.200000e+03 -1.840480e+02  5.230419e+00      4704   1
        57  -1.200000e+03 -1.840480e+02  5.369873e+00      4788   1
        58  -1.600000e+03 -1.840480e+02  5.462970e+00      4872   1
        59  -1.200000e+03 -1.840480e+02  5.928590e+00      4956   1
        60  -1.200000e+03 -1.840480e+02  6.022303e+00      5040   1
        61  -1.400000e+03 -1.840480e+02  6.116170e+00      5124   1
        62  -1.200000e+03 -1.840480e+02  6.223989e+00      5208   1
        63  -1.700000e+03 -1.840480e+02  6.326448e+00      5292   1
        64  -1.400000e+03 -1.840480e+02  6.422353e+00      5376   1
        65  -1.350000e+03 -1.840480e+02  6.520712e+00      5460   1
        66  -1.350000e+03 -1.840480e+02  6.616467e+00      5544   1
        67  -1.450000e+03 -1.840480e+02  6.714094e+00      5628   1
        68  -1.600000e+03 -1.840480e+02  6.810360e+00      5712   1
        69  -1.400000e+03 -1.840480e+02  6.929319e+00      5796   1
        70  -1.400000e+03 -1.840480e+02  7.023517e+00      5880   1
        71  -1.500000e+03 -1.840480e+02  7.118864e+00      5964   1
        72  -1.200000e+03 -1.840480e+02  7.213609e+00      6048   1
        73  -1.450000e+03 -1.840480e+02  7.316500e+00      6132   1
        74  -1.050000e+03 -1.840480e+02  7.411149e+00      6216   1
        75  -1.800000e+03 -1.840480e+02  7.506337e+00      6300   1
        76  -1.200000e+03 -1.840480e+02  7.606965e+00      6384   1
        77  -1.150000e+03 -1.840480e+02  7.701837e+00      6468   1
        78  -1.300000e+03 -1.840480e+02  7.802048e+00      6552   1
        79  -1.550000e+03 -1.840480e+02  7.897139e+00      6636   1
        80  -1.600000e+03 -1.840480e+02  7.997360e+00      6720   1
        81  -1.300000e+03 -1.840480e+02  8.092519e+00      6804   1
        82  -1.350000e+03 -1.840480e+02  8.192058e+00      6888   1
        83  -1.800000e+03 -1.840480e+02  8.290782e+00      6972   1
        84  -1.150000e+03 -1.840480e+02  8.386337e+00      7056   1
        85  -1.150000e+03 -1.840480e+02  8.486351e+00      7140   1
        86  -1.250000e+03 -1.840480e+02  8.586883e+00      7224   1
        87  -1.600000e+03 -1.840480e+02  8.686544e+00      7308   1
        88  -1.200000e+03 -1.840480e+02  8.786975e+00      7392   1
        89  -1.950000e+03 -1.840480e+02  8.886846e+00      7476   1
        90  -1.450000e+03 -1.840480e+02  8.986588e+00      7560   1
        91  -1.650000e+03 -1.840480e+02  9.086505e+00      7644   1
        92  -1.350000e+03 -1.840480e+02  9.183727e+00      7728   1
        93  -1.250000e+03 -1.840480e+02  9.284020e+00      7812   1
        94  -1.350000e+03 -1.840480e+02  9.384836e+00      7896   1
        95  -1.700000e+03 -1.840480e+02  9.485030e+00      7980   1
        96  -1.300000e+03 -1.840480e+02  9.585766e+00      8064   1
        97  -1.400000e+03 -1.840480e+02  9.686869e+00      8148   1
        98  -1.450000e+03 -1.840480e+02  9.787653e+00      8232   1
        99  -1.050000e+03 -1.840480e+02  9.888465e+00      8316   1
       100  -1.550000e+03 -1.840480e+02  9.989796e+00      8400   1
       101  -1.950000e+03 -1.840480e+02  1.009261e+01      8484   1
       102  -1.500000e+03 -1.840480e+02  1.019365e+01      8568   1
       103  -1.000000e+03 -1.840480e+02  1.029481e+01      8652   1
       104  -1.250000e+03 -1.840480e+02  1.039604e+01      8736   1
       105  -1.200000e+03 -1.840480e+02  1.049747e+01      8820   1
       106  -1.300000e+03 -1.840480e+02  1.059975e+01      8904   1
       107  -1.600000e+03 -1.840480e+02  1.070192e+01      8988   1
       108  -1.350000e+03 -1.840480e+02  1.080372e+01      9072   1
       109  -1.750000e+03 -1.840480e+02  1.090598e+01      9156   1
       110  -1.850000e+03 -1.840480e+02  1.100854e+01      9240   1
       111  -1.450000e+03 -1.840480e+02  1.111074e+01      9324   1
       112  -1.850000e+03 -1.840480e+02  1.121329e+01      9408   1
       113  -1.850000e+03 -1.840480e+02  1.131562e+01      9492   1
       114  -1.400000e+03 -1.840480e+02  1.141969e+01      9576   1
       115  -1.150000e+03 -1.840480e+02  1.152358e+01      9660   1
       116  -1.750000e+03 -1.840480e+02  1.162840e+01      9744   1
       117  -1.350000e+03 -1.840480e+02  1.173279e+01      9828   1
       118  -1.300000e+03 -1.840480e+02  1.183727e+01      9912   1
       119  -1.100000e+03 -1.840480e+02  1.194167e+01      9996   1
       120  -1.600000e+03 -1.840480e+02  1.204612e+01     10080   1
       121  -1.500000e+03 -1.840480e+02  1.215026e+01     10164   1
       122  -1.850000e+03 -1.840480e+02  1.225566e+01     10248   1
       123  -1.400000e+03 -1.840480e+02  1.236183e+01     10332   1
       124  -1.350000e+03 -1.840480e+02  1.246653e+01     10416   1
       125  -1.500000e+03 -1.840480e+02  1.257451e+01     10500   1
       126  -1.550000e+03 -1.840480e+02  1.267963e+01     10584   1
       127  -1.700000e+03 -1.840480e+02  1.278541e+01     10668   1
       128  -1.550000e+03 -1.840480e+02  1.289085e+01     10752   1
       129  -1.550000e+03 -1.840480e+02  1.299683e+01     10836   1
       130  -1.700000e+03 -1.840480e+02  1.310219e+01     10920   1
       131  -1.050000e+03 -1.840480e+02  1.320819e+01     11004   1
       132  -1.900000e+03 -1.840480e+02  1.331414e+01     11088   1
       133  -1.300000e+03 -1.840480e+02  1.342279e+01     11172   1
       134  -1.550000e+03 -1.840480e+02  1.352904e+01     11256   1
       135  -1.550000e+03 -1.840480e+02  1.363677e+01     11340   1
       136  -1.650000e+03 -1.840480e+02  1.374373e+01     11424   1
       137  -1.950000e+03 -1.840480e+02  1.385018e+01     11508   1
       138  -1.550000e+03 -1.840480e+02  1.395825e+01     11592   1
       139  -1.750000e+03 -1.840480e+02  1.406879e+01     11676   1
       140  -1.400000e+03 -1.840480e+02  1.417679e+01     11760   1
       141  -1.400000e+03 -1.840480e+02  1.428441e+01     11844   1
       142  -1.150000e+03 -1.840480e+02  1.439163e+01     11928   1
       143  -1.400000e+03 -1.840480e+02  1.450136e+01     12012   1
       144  -1.150000e+03 -1.840480e+02  1.461033e+01     12096   1
       145  -1.150000e+03 -1.840480e+02  1.471807e+01     12180   1
       146  -1.550000e+03 -1.840480e+02  1.482650e+01     12264   1
       147  -1.500000e+03 -1.840480e+02  1.493455e+01     12348   1
       148  -1.250000e+03 -1.840480e+02  1.504735e+01     12432   1
       149  -1.500000e+03 -1.840480e+02  1.515572e+01     12516   1
       150  -1.550000e+03 -1.840480e+02  1.526379e+01     12600   1
       151  -2.150000e+03 -1.840480e+02  1.537147e+01     12684   1
       152  -1.700000e+03 -1.840480e+02  1.548210e+01     12768   1
       153  -1.400000e+03 -1.840480e+02  1.558974e+01     12852   1
       154  -1.500000e+03 -1.840480e+02  1.569828e+01     12936   1
       155  -1.300000e+03 -1.840480e+02  1.580725e+01     13020   1
       156  -1.550000e+03 -1.840480e+02  1.591787e+01     13104   1
       157  -1.200000e+03 -1.840480e+02  1.602693e+01     13188   1
       158  -1.200000e+03 -1.840480e+02  1.613567e+01     13272   1
       159  -1.350000e+03 -1.840480e+02  1.624703e+01     13356   1
       160  -1.200000e+03 -1.840480e+02  1.635571e+01     13440   1
       161  -1.700000e+03 -1.840480e+02  1.646528e+01     13524   1
       162  -1.750000e+03 -1.840480e+02  1.657674e+01     13608   1
       163  -1.300000e+03 -1.840480e+02  1.668714e+01     13692   1
       164  -1.200000e+03 -1.840480e+02  1.679769e+01     13776   1
       165  -1.400000e+03 -1.840480e+02  1.690895e+01     13860   1
       166  -1.600000e+03 -1.840480e+02  1.702007e+01     13944   1
       167  -1.700000e+03 -1.840480e+02  1.712926e+01     14028   1
       168  -1.350000e+03 -1.840480e+02  1.724166e+01     14112   1
       169  -1.300000e+03 -1.840480e+02  1.735272e+01     14196   1
       170  -1.300000e+03 -1.840480e+02  1.746388e+01     14280   1
       171  -1.150000e+03 -1.840480e+02  1.757747e+01     14364   1
       172  -1.100000e+03 -1.840480e+02  1.768849e+01     14448   1
       173  -1.100000e+03 -1.840480e+02  1.780290e+01     14532   1
       174  -1.200000e+03 -1.840480e+02  1.791452e+01     14616   1
       175  -1.750000e+03 -1.840480e+02  1.802671e+01     14700   1
       176  -1.250000e+03 -1.840480e+02  1.814034e+01     14784   1
       177  -1.750000e+03 -1.840480e+02  1.825201e+01     14868   1
       178  -1.750000e+03 -1.840480e+02  1.836627e+01     14952   1
       179  -1.150000e+03 -1.840480e+02  1.847849e+01     15036   1
       180  -1.250000e+03 -1.840480e+02  1.861978e+01     15120   1
       181  -1.450000e+03 -1.840480e+02  1.891038e+01     15204   1
       182  -1.150000e+03 -1.840480e+02  1.902024e+01     15288   1
       183  -1.150000e+03 -1.840480e+02  1.913149e+01     15372   1
       184  -1.200000e+03 -1.840480e+02  1.924263e+01     15456   1
       185  -1.300000e+03 -1.840480e+02  1.935423e+01     15540   1
       186  -1.150000e+03 -1.840480e+02  1.947654e+01     15624   1
       187  -1.450000e+03 -1.840480e+02  1.958689e+01     15708   1
       188  -1.650000e+03 -1.840480e+02  1.969748e+01     15792   1
       189  -1.450000e+03 -1.840480e+02  1.981453e+01     15876   1
       190  -1.350000e+03 -1.840480e+02  1.992463e+01     15960   1
       191  -1.200000e+03 -1.840480e+02  2.003534e+01     16044   1
       192  -1.900000e+03 -1.840480e+02  2.015205e+01     16128   1
       193  -1.550000e+03 -1.840480e+02  2.026292e+01     16212   1
       194  -1.300000e+03 -1.840480e+02  2.037873e+01     16296   1
       195  -1.250000e+03 -1.840480e+02  2.049340e+01     16380   1
       196  -1.250000e+03 -1.840480e+02  2.060614e+01     16464   1
       197  -1.150000e+03 -1.840480e+02  2.072186e+01     16548   1
       198  -1.500000e+03 -1.840480e+02  2.083995e+01     16632   1
       199  -1.500000e+03 -1.840480e+02  2.095589e+01     16716   1
       200  -1.350000e+03 -1.840480e+02  2.107119e+01     16800   1
       201  -1.400000e+03 -1.840480e+02  2.118932e+01     16884   1
       202  -1.600000e+03 -1.840480e+02  2.130629e+01     16968   1
       203  -1.750000e+03 -1.840480e+02  2.142208e+01     17052   1
       204  -1.500000e+03 -1.840480e+02  2.153958e+01     17136   1
       205  -1.600000e+03 -1.840480e+02  2.165723e+01     17220   1
       206  -1.300000e+03 -1.840480e+02  2.177401e+01     17304   1
       207  -1.200000e+03 -1.840480e+02  2.189219e+01     17388   1
       208  -1.750000e+03 -1.840480e+02  2.200728e+01     17472   1
       209  -1.300000e+03 -1.840480e+02  2.212541e+01     17556   1
       210  -1.000000e+03 -1.840480e+02  2.224315e+01     17640   1
       211  -1.550000e+03 -1.840480e+02  2.235908e+01     17724   1
       212  -1.700000e+03 -1.840480e+02  2.247730e+01     17808   1
       213  -1.700000e+03 -1.840480e+02  2.259574e+01     17892   1
       214  -1.800000e+03 -1.840480e+02  2.271506e+01     17976   1
       215  -1.500000e+03 -1.840480e+02  2.283278e+01     18060   1
       216  -1.300000e+03 -1.840480e+02  2.295364e+01     18144   1
       217  -1.500000e+03 -1.840480e+02  2.307223e+01     18228   1
       218  -1.250000e+03 -1.840480e+02  2.319347e+01     18312   1
       219  -1.050000e+03 -1.840480e+02  2.331396e+01     18396   1
       220  -1.400000e+03 -1.840480e+02  2.343462e+01     18480   1
       221  -1.350000e+03 -1.840480e+02  2.355444e+01     18564   1
       222  -1.450000e+03 -1.840480e+02  2.367601e+01     18648   1
       223  -1.800000e+03 -1.840480e+02  2.379775e+01     18732   1
       224  -1.850000e+03 -1.840480e+02  2.391827e+01     18816   1
       225  -1.200000e+03 -1.840480e+02  2.403745e+01     18900   1
       226  -1.150000e+03 -1.840480e+02  2.416121e+01     18984   1
       227  -1.600000e+03 -1.840480e+02  2.428285e+01     19068   1
       228  -1.450000e+03 -1.840480e+02  2.440453e+01     19152   1
       229  -1.850000e+03 -1.840480e+02  2.452757e+01     19236   1
       230  -2.200000e+03 -1.840480e+02  2.464691e+01     19320   1
       231  -1.500000e+03 -1.840480e+02  2.476911e+01     19404   1
       232  -1.350000e+03 -1.840480e+02  2.489211e+01     19488   1
       233  -1.700000e+03 -1.840480e+02  2.501481e+01     19572   1
       234  -1.250000e+03 -1.840480e+02  2.513709e+01     19656   1
       235  -1.050000e+03 -1.840480e+02  2.526076e+01     19740   1
       236  -1.200000e+03 -1.840480e+02  2.538284e+01     19824   1
       237  -1.550000e+03 -1.840480e+02  2.550648e+01     19908   1
       238  -1.350000e+03 -1.840480e+02  2.562938e+01     19992   1
       239  -1.800000e+03 -1.840480e+02  2.575061e+01     20076   1
       240  -1.400000e+03 -1.840480e+02  2.587539e+01     20160   1
       241  -1.000000e+03 -1.840480e+02  2.599954e+01     20244   1
       242  -1.050000e+03 -1.840480e+02  2.612417e+01     20328   1
       243  -1.250000e+03 -1.840480e+02  2.625228e+01     20412   1
       244  -1.250000e+03 -1.840480e+02  2.637700e+01     20496   1
       245  -1.650000e+03 -1.840480e+02  2.650254e+01     20580   1
       246  -1.550000e+03 -1.840480e+02  2.662616e+01     20664   1
       247  -1.200000e+03 -1.840480e+02  2.675057e+01     20748   1
       248  -1.450000e+03 -1.840480e+02  2.687650e+01     20832   1
       249  -1.550000e+03 -1.840480e+02  2.700203e+01     20916   1
       250  -1.200000e+03 -1.840480e+02  2.712775e+01     21000   1
       251  -1.500000e+03 -1.840480e+02  2.725426e+01     21084   1
       252  -1.200000e+03 -1.840480e+02  2.737839e+01     21168   1
       253  -1.150000e+03 -1.840480e+02  2.771004e+01     21252   1
       254  -1.450000e+03 -1.840480e+02  2.783162e+01     21336   1
       255  -1.150000e+03 -1.840480e+02  2.795304e+01     21420   1
       256  -1.500000e+03 -1.840480e+02  2.807622e+01     21504   1
       257  -1.200000e+03 -1.840480e+02  2.820867e+01     21588   1
       258  -1.600000e+03 -1.840480e+02  2.833069e+01     21672   1
       259  -1.400000e+03 -1.840480e+02  2.845318e+01     21756   1
       260  -1.200000e+03 -1.840480e+02  2.858132e+01     21840   1
       261  -1.300000e+03 -1.840480e+02  2.870320e+01     21924   1
       262  -1.000000e+03 -1.840480e+02  2.883056e+01     22008   1
       263  -1.550000e+03 -1.840480e+02  2.895829e+01     22092   1
       264  -1.100000e+03 -1.840480e+02  2.908111e+01     22176   1
       265  -1.300000e+03 -1.840480e+02  2.920923e+01     22260   1
       266  -1.050000e+03 -1.840480e+02  2.933918e+01     22344   1
       267  -1.750000e+03 -1.840480e+02  2.946598e+01     22428   1
       268  -1.450000e+03 -1.840480e+02  2.959532e+01     22512   1
       269  -1.600000e+03 -1.840480e+02  2.972455e+01     22596   1
       270  -1.250000e+03 -1.840480e+02  2.985176e+01     22680   1
       271  -1.100000e+03 -1.840480e+02  2.998057e+01     22764   1
       272  -1.350000e+03 -1.840480e+02  3.011014e+01     22848   1
       273  -1.500000e+03 -1.840480e+02  3.024021e+01     22932   1
       274  -1.200000e+03 -1.840480e+02  3.036966e+01     23016   1
       275  -1.100000e+03 -1.840480e+02  3.049905e+01     23100   1
       276  -1.550000e+03 -1.840480e+02  3.062987e+01     23184   1
       277  -1.700000e+03 -1.840480e+02  3.076139e+01     23268   1
       278  -1.550000e+03 -1.840480e+02  3.089381e+01     23352   1
       279  -1.500000e+03 -1.840480e+02  3.102684e+01     23436   1
       280  -1.300000e+03 -1.840480e+02  3.115826e+01     23520   1
       281  -2.200000e+03 -1.840480e+02  3.128685e+01     23604   1
       282  -1.350000e+03 -1.840480e+02  3.141991e+01     23688   1
       283  -1.650000e+03 -1.840480e+02  3.155027e+01     23772   1
       284  -1.450000e+03 -1.840480e+02  3.168119e+01     23856   1
       285  -1.800000e+03 -1.840480e+02  3.181274e+01     23940   1
       286  -1.050000e+03 -1.840480e+02  3.194405e+01     24024   1
       287  -1.400000e+03 -1.840480e+02  3.207619e+01     24108   1
       288  -1.650000e+03 -1.840480e+02  3.220771e+01     24192   1
       289  -1.750000e+03 -1.840480e+02  3.233991e+01     24276   1
       290  -1.200000e+03 -1.840480e+02  3.247257e+01     24360   1
       291  -1.300000e+03 -1.840480e+02  3.260641e+01     24444   1
       292  -1.500000e+03 -1.840480e+02  3.273903e+01     24528   1
       293  -1.250000e+03 -1.840480e+02  3.287634e+01     24612   1
       294  -1.250000e+03 -1.840480e+02  3.301230e+01     24696   1
       295  -1.450000e+03 -1.840480e+02  3.314603e+01     24780   1
       296  -1.250000e+03 -1.840480e+02  3.328117e+01     24864   1
       297  -1.450000e+03 -1.840480e+02  3.341469e+01     24948   1
       298  -1.600000e+03 -1.840480e+02  3.354946e+01     25032   1
       299  -1.700000e+03 -1.840480e+02  3.368504e+01     25116   1
       300  -1.750000e+03 -1.840480e+02  3.381954e+01     25200   1
-------------------------------------------------------------------
status         : iteration_limit
total time (s) : 3.381954e+01
total solves   : 25200
best bound     : -1.840480e+02
simulation ci  : -1.431000e+03 ± 2.667269e+01
numeric issues : 0
-------------------------------------------------------------------

────────────────────────────────────────────────────────────────────────────────────
                                           Time                    Allocations      
                                  ───────────────────────   ────────────────────────
        Tot / % measured:              33.9s /  99.8%           15.2GiB /  99.8%    

Section                   ncalls     time    %tot     avg     alloc    %tot      avg
────────────────────────────────────────────────────────────────────────────────────
backward_pass                300    22.1s   65.5%  73.8ms   14.0GiB   92.4%  47.9MiB
  solve_subproblem         18.0k    13.8s   40.9%   767μs   5.37GiB   35.3%   313KiB
    get_dual_solution      18.0k    3.31s    9.8%   184μs   1.83GiB   12.1%   107KiB
  prepare_backward_pass    1.80k    1.13s    3.3%   625μs    432MiB    2.8%   246KiB
calculate_bound              300    9.70s   28.7%  32.3ms   0.94GiB    6.2%  3.21MiB
  get_dual_solution        6.00k   2.56ms    0.0%   427ns    938KiB    0.0%     160B
forward_pass                 300    1.95s    5.8%  6.50ms    224MiB    1.4%   764KiB
  solve_subproblem         1.20k    1.93s    5.7%  1.61ms    197MiB    1.3%   168KiB
    get_dual_solution      1.20k    509μs    0.0%   425ns    188KiB    0.0%     160B
  sample_scenario            300   3.77ms    0.0%  12.6μs    791KiB    0.0%  2.64KiB
────────────────────────────────────────────────────────────────────────────────────

-------------------------------------------------------------------
         SDDP.jl (c) Oscar Dowson and contributors, 2017-25
-------------------------------------------------------------------
problem
  nodes           : 4
  state variables : 272
  scenarios       : 1.60000e+05
  existing cuts   : false
options
  solver          : serial mode
  risk measure    : SDDP.Expectation()
  sampling scheme : SDDP.InSampleMonteCarlo
subproblem structure
  VariableRef                             : [686, 686]
  AffExpr in MOI.EqualTo{Float64}         : [110, 110]
  AffExpr in MOI.GreaterThan{Float64}     : [57, 57]
  AffExpr in MOI.LessThan{Float64}        : [84, 84]
  VariableRef in MOI.GreaterThan{Float64} : [81, 82]
  VariableRef in MOI.Integer              : [36, 36]
  VariableRef in MOI.LessThan{Float64}    : [52, 52]
  VariableRef in MOI.ZeroOne              : [329, 329]
numerical stability report
  matrix range     [6e-03, 1e+02]
  objective range  [1e+00, 5e+01]
  bounds range     [1e+00, 9e+03]
  rhs range        [6e+00, 1e+02]
-------------------------------------------------------------------
 iteration    simulation      bound        time (s)     solves  pid
-------------------------------------------------------------------
         1S -1.550000e+03 -7.809932e+02  3.805032e-01        84   1
         2S -1.500000e+03 -7.809932e+02  7.627070e-01       168   1
         3S -1.200000e+03 -7.809932e+02  1.141462e+00       252   1
         4S -1.900000e+03 -7.809932e+02  1.515959e+00       336   1
         5S -1.300000e+03 -7.809932e+02  1.889892e+00       420   1
         6S -1.650000e+03 -7.809932e+02  2.267396e+00       504   1
         7S -1.300000e+03 -7.809932e+02  2.644177e+00       588   1
         8S -1.900000e+03 -7.809932e+02  3.040823e+00       672   1
         9S -1.300000e+03 -7.809932e+02  3.418285e+00       756   1
        10S -1.450000e+03 -7.809932e+02  3.794603e+00       840   1
        11S -1.600000e+03 -7.809932e+02  4.172231e+00       924   1
        12S -1.650000e+03 -7.809932e+02  4.550296e+00      1008   1
        13S -1.400000e+03 -7.809932e+02  4.930668e+00      1092   1
        14S -1.450000e+03 -7.809932e+02  5.342422e+00      1176   1
        15S -1.200000e+03 -7.809932e+02  5.722709e+00      1260   1
        16S -1.400000e+03 -7.809932e+02  6.110865e+00      1344   1
        17S -1.800000e+03 -7.809932e+02  6.486749e+00      1428   1
        18S -1.600000e+03 -7.809932e+02  6.864817e+00      1512   1
        19S -1.300000e+03 -7.809932e+02  7.242901e+00      1596   1
        20S -1.200000e+03 -7.809932e+02  7.621942e+00      1680   1
        21S -1.550000e+03 -7.809932e+02  7.998587e+00      1764   1
        22S -1.350000e+03 -7.809932e+02  8.376365e+00      1848   1
        23S -1.500000e+03 -7.809932e+02  8.753042e+00      1932   1
        24S -1.450000e+03 -7.809932e+02  9.131470e+00      2016   1
        25S -1.450000e+03 -7.809932e+02  9.507778e+00      2100   1
        26S -1.400000e+03 -7.809932e+02  9.890066e+00      2184   1
        27S -1.300000e+03 -7.809932e+02  1.026820e+01      2268   1
        28S -2.100000e+03 -7.809932e+02  1.064645e+01      2352   1
        29S -1.200000e+03 -7.809932e+02  1.104758e+01      2436   1
        30S -1.600000e+03 -7.809932e+02  1.145010e+01      2520   1
        31S -1.550000e+03 -7.809932e+02  1.209912e+01      2604   1
        32S -1.200000e+03 -7.809932e+02  1.292841e+01      2688   1
        33S -1.250000e+03 -7.809932e+02  1.331995e+01      2772   1
        34S -9.000000e+02 -7.809932e+02  1.373736e+01      2856   1
        35S -1.400000e+03 -7.809932e+02  1.411784e+01      2940   1
        36S -1.100000e+03 -7.809932e+02  1.453612e+01      3024   1
        37S -1.200000e+03 -7.809932e+02  1.492243e+01      3108   1
        38S -2.100000e+03 -7.809932e+02  1.531062e+01      3192   1
        39S -1.400000e+03 -7.809932e+02  1.568748e+01      3276   1
        40S -1.550000e+03 -7.809932e+02  1.607805e+01      3360   1
        41S -1.500000e+03 -7.809932e+02  1.646450e+01      3444   1
        42S -1.150000e+03 -7.809932e+02  1.685018e+01      3528   1
        43S -1.600000e+03 -7.809932e+02  1.723467e+01      3612   1
        44S -1.900000e+03 -7.809932e+02  1.762260e+01      3696   1
        45S -1.150000e+03 -7.809932e+02  1.801364e+01      3780   1
        46S -1.600000e+03 -7.809932e+02  1.839946e+01      3864   1
        47S -1.400000e+03 -7.809932e+02  1.877830e+01      3948   1
        48S -1.400000e+03 -7.809932e+02  1.916453e+01      4032   1
        49S -1.500000e+03 -7.809932e+02  1.954349e+01      4116   1
        50S -1.450000e+03 -7.809932e+02  1.992663e+01      4200   1
        51S -1.550000e+03 -7.809932e+02  2.030673e+01      4284   1
        52S -1.450000e+03 -7.809932e+02  2.068604e+01      4368   1
        53S -1.150000e+03 -7.809932e+02  2.123538e+01      4452   1
        54S -1.400000e+03 -7.809932e+02  2.161730e+01      4536   1
        55S -1.100000e+03 -7.809932e+02  2.200896e+01      4620   1
        56S -1.600000e+03 -7.809932e+02  2.239009e+01      4704   1
        57S -1.500000e+03 -7.809932e+02  2.277181e+01      4788   1
        58S -1.700000e+03 -7.809932e+02  2.316404e+01      4872   1
        59S -1.500000e+03 -7.809932e+02  2.354955e+01      4956   1
        60S -1.250000e+03 -7.809932e+02  2.393310e+01      5040   1
        61S -1.250000e+03 -7.809932e+02  2.431344e+01      5124   1
        62S -1.200000e+03 -7.809932e+02  2.469631e+01      5208   1
        63S -1.200000e+03 -7.809932e+02  2.507413e+01      5292   1
        64S -1.050000e+03 -7.809932e+02  2.546384e+01      5376   1
        65S -1.400000e+03 -7.809932e+02  2.584334e+01      5460   1
        66S -1.500000e+03 -7.809932e+02  2.622543e+01      5544   1
        67S -1.550000e+03 -7.809932e+02  2.660453e+01      5628   1
        68S -1.650000e+03 -7.809932e+02  2.698391e+01      5712   1
        69S -1.200000e+03 -7.809932e+02  2.736790e+01      5796   1
        70S -1.500000e+03 -7.809932e+02  2.774781e+01      5880   1
        71S -1.400000e+03 -7.809932e+02  2.813310e+01      5964   1
        72S -1.750000e+03 -7.809932e+02  2.851276e+01      6048   1
        73S -1.500000e+03 -7.809932e+02  2.889785e+01      6132   1
        74S -1.350000e+03 -7.809932e+02  2.927924e+01      6216   1
        75S -1.300000e+03 -7.809932e+02  2.966454e+01      6300   1
        76S -1.600000e+03 -7.809932e+02  3.004499e+01      6384   1
        77S -1.050000e+03 -7.809932e+02  3.043288e+01      6468   1
        78S -1.200000e+03 -7.809932e+02  3.081629e+01      6552   1
        79S -1.350000e+03 -7.809932e+02  3.120539e+01      6636   1
        80S -1.350000e+03 -7.809932e+02  3.158812e+01      6720   1
        81S -1.300000e+03 -7.809932e+02  3.197453e+01      6804   1
        82S -1.350000e+03 -7.809932e+02  3.235524e+01      6888   1
        83S -1.650000e+03 -7.809932e+02  3.274197e+01      6972   1
        84S -1.750000e+03 -7.809932e+02  3.312718e+01      7056   1
        85S -1.300000e+03 -7.809932e+02  3.351350e+01      7140   1
        86S -1.550000e+03 -7.809932e+02  3.389832e+01      7224   1
        87S -1.450000e+03 -7.809932e+02  3.427985e+01      7308   1
        88S -1.450000e+03 -7.809932e+02  3.466648e+01      7392   1
        89S -1.300000e+03 -7.809932e+02  3.504822e+01      7476   1
        90S -1.500000e+03 -7.809932e+02  3.543550e+01      7560   1
        91S -1.850000e+03 -7.809932e+02  3.581826e+01      7644   1
        92S -1.000000e+03 -7.809932e+02  3.620908e+01      7728   1
        93S -1.550000e+03 -7.809932e+02  3.659122e+01      7812   1
        94S -1.650000e+03 -7.809932e+02  3.697912e+01      7896   1
        95S -1.300000e+03 -7.809932e+02  3.736699e+01      7980   1
        96S -1.500000e+03 -7.809932e+02  3.776095e+01      8064   1
        97S -1.550000e+03 -7.809932e+02  3.814948e+01      8148   1
        98S -1.200000e+03 -7.809932e+02  3.853414e+01      8232   1
        99S -1.350000e+03 -7.809932e+02  3.892203e+01      8316   1
       100S -1.450000e+03 -7.809932e+02  3.930546e+01      8400   1
       101S -1.400000e+03 -7.809932e+02  3.969311e+01      8484   1
       102S -1.300000e+03 -7.809932e+02  4.008023e+01      8568   1
       103S -1.550000e+03 -7.809932e+02  4.046521e+01      8652   1
       104S -1.450000e+03 -7.809932e+02  4.085534e+01      8736   1
       105S -1.450000e+03 -7.809932e+02  4.123871e+01      8820   1
       106S -1.500000e+03 -7.809932e+02  4.162669e+01      8904   1
       107S -1.650000e+03 -7.809932e+02  4.201357e+01      8988   1
       108S -1.900000e+03 -7.809932e+02  4.239951e+01      9072   1
       109S -1.600000e+03 -7.809932e+02  4.279136e+01      9156   1
       110S -1.250000e+03 -7.809932e+02  4.317872e+01      9240   1
       111S -1.650000e+03 -7.809932e+02  4.356721e+01      9324   1
       112S -1.100000e+03 -7.809932e+02  4.395608e+01      9408   1
       113S -1.400000e+03 -7.809932e+02  4.434058e+01      9492   1
       114S -1.500000e+03 -7.809932e+02  4.473067e+01      9576   1
       115S -1.450000e+03 -7.809932e+02  4.512103e+01      9660   1
       116S -1.200000e+03 -7.809932e+02  4.550479e+01      9744   1
       117S -1.450000e+03 -7.809932e+02  4.589454e+01      9828   1
       118S -1.500000e+03 -7.809932e+02  4.630409e+01      9912   1
       119S -1.800000e+03 -7.809932e+02  4.669173e+01      9996   1
       120S -1.250000e+03 -7.809932e+02  4.720035e+01     10080   1
       121S -1.250000e+03 -7.809932e+02  4.759233e+01     10164   1
       122S -1.750000e+03 -7.809932e+02  4.797919e+01     10248   1
       123S -1.200000e+03 -7.809932e+02  4.837227e+01     10332   1
       124S -1.450000e+03 -7.809932e+02  4.876248e+01     10416   1
       125S -1.400000e+03 -7.809932e+02  4.915040e+01     10500   1
       126S -1.200000e+03 -7.809932e+02  4.954117e+01     10584   1
       127S -1.650000e+03 -7.809932e+02  4.993373e+01     10668   1
       128S -1.300000e+03 -7.809932e+02  5.032467e+01     10752   1
       129S -1.200000e+03 -7.809932e+02  5.071180e+01     10836   1
       130S -1.550000e+03 -7.809932e+02  5.110421e+01     10920   1
       131S -1.650000e+03 -7.809932e+02  5.149443e+01     11004   1
       132S -1.550000e+03 -7.809932e+02  5.188266e+01     11088   1
       133S -1.300000e+03 -7.809932e+02  5.227727e+01     11172   1
       134S -1.200000e+03 -7.809932e+02  5.266893e+01     11256   1
       135S -1.200000e+03 -7.809932e+02  5.306076e+01     11340   1
       136S -1.400000e+03 -7.809932e+02  5.345007e+01     11424   1
       137S -1.050000e+03 -7.809932e+02  5.384223e+01     11508   1
       138S -1.450000e+03 -7.809932e+02  5.423891e+01     11592   1
       139S -1.200000e+03 -7.809932e+02  5.462941e+01     11676   1
       140S -1.550000e+03 -7.809932e+02  5.501836e+01     11760   1
       141S -1.200000e+03 -7.809932e+02  5.541306e+01     11844   1
       142S -1.650000e+03 -7.809932e+02  5.580591e+01     11928   1
       143S -1.350000e+03 -7.809932e+02  5.619914e+01     12012   1
       144S -1.550000e+03 -7.809932e+02  5.659098e+01     12096   1
       145S -1.400000e+03 -7.809932e+02  5.704628e+01     12180   1
       146S -1.350000e+03 -7.809932e+02  5.761454e+01     12264   1
       147S -1.200000e+03 -7.809932e+02  5.800342e+01     12348   1
       148S -1.850000e+03 -7.809932e+02  5.839433e+01     12432   1
       149S -1.800000e+03 -7.809932e+02  5.880118e+01     12516   1
       150S -1.400000e+03 -7.809932e+02  5.918820e+01     12600   1
       151S -1.450000e+03 -7.809932e+02  5.958174e+01     12684   1
       152S -1.600000e+03 -7.809932e+02  5.997608e+01     12768   1
       153S -1.550000e+03 -7.809932e+02  6.036954e+01     12852   1
       154S -1.500000e+03 -7.809932e+02  6.076110e+01     12936   1
       155S -1.450000e+03 -7.809932e+02  6.115783e+01     13020   1
       156S -1.450000e+03 -7.809932e+02  6.155166e+01     13104   1
       157S -1.350000e+03 -7.809932e+02  6.194783e+01     13188   1
       158S -1.750000e+03 -7.809932e+02  6.234505e+01     13272   1
       159S -1.200000e+03 -7.809932e+02  6.274162e+01     13356   1
       160S -1.650000e+03 -7.809932e+02  6.313670e+01     13440   1
       161S -1.450000e+03 -7.809932e+02  6.353356e+01     13524   1
       162S -1.550000e+03 -7.809932e+02  6.392911e+01     13608   1
       163S -1.900000e+03 -7.809932e+02  6.432729e+01     13692   1
       164S -1.250000e+03 -7.809932e+02  6.479658e+01     13776   1
       165S -1.300000e+03 -7.809932e+02  6.520045e+01     13860   1
       166S -1.950000e+03 -7.809932e+02  6.561531e+01     13944   1
       167S -1.500000e+03 -7.809932e+02  6.603074e+01     14028   1
       168S -1.650000e+03 -7.809932e+02  6.646769e+01     14112   1
       169S -1.500000e+03 -7.809932e+02  6.687492e+01     14196   1
       170S -1.050000e+03 -7.809932e+02  6.732076e+01     14280   1
       171S -1.550000e+03 -7.809932e+02  6.773750e+01     14364   1
       172S -1.400000e+03 -7.809932e+02  6.816549e+01     14448   1
       173S -1.050000e+03 -7.809932e+02  6.863372e+01     14532   1
       174S -1.700000e+03 -7.809932e+02  6.906992e+01     14616   1
       175S -1.300000e+03 -7.809932e+02  6.949143e+01     14700   1
       176S -1.400000e+03 -7.809932e+02  6.991121e+01     14784   1
       177S -1.600000e+03 -7.809932e+02  7.033037e+01     14868   1
       178S -2.100000e+03 -7.809932e+02  7.074193e+01     14952   1
       179S -1.100000e+03 -7.809932e+02  7.123437e+01     15036   1
       180S -1.250000e+03 -7.809932e+02  7.167244e+01     15120   1
       181S -1.250000e+03 -7.809932e+02  7.211047e+01     15204   1
       182S -1.200000e+03 -7.809932e+02  7.253049e+01     15288   1
       183S -1.100000e+03 -7.809932e+02  7.295487e+01     15372   1
       184S -1.350000e+03 -7.809932e+02  7.337437e+01     15456   1
       185S -1.650000e+03 -7.809932e+02  7.383554e+01     15540   1
       186S -1.100000e+03 -7.809932e+02  7.425678e+01     15624   1
       187S -1.450000e+03 -7.809932e+02  7.466326e+01     15708   1
       188S -1.200000e+03 -7.809932e+02  7.507290e+01     15792   1
       189S -1.500000e+03 -7.809932e+02  7.547423e+01     15876   1
       190S -1.100000e+03 -7.809932e+02  7.587494e+01     15960   1
       191S -1.300000e+03 -7.809932e+02  7.628112e+01     16044   1
       192S -1.650000e+03 -7.809932e+02  7.668224e+01     16128   1
       193S -1.700000e+03 -7.809932e+02  7.709359e+01     16212   1
       194S -1.200000e+03 -7.809932e+02  7.749712e+01     16296   1
       195S -1.450000e+03 -7.809932e+02  7.790526e+01     16380   1
       196S -1.500000e+03 -7.809932e+02  7.830832e+01     16464   1
       197S -1.300000e+03 -7.809932e+02  7.870907e+01     16548   1
       198S -1.050000e+03 -7.809932e+02  7.911428e+01     16632   1
       199S -1.600000e+03 -7.809932e+02  7.952060e+01     16716   1
       200S -1.550000e+03 -7.809932e+02  7.992252e+01     16800   1
       201S -1.250000e+03 -7.809932e+02  8.032500e+01     16884   1
       202S -1.250000e+03 -7.809932e+02  8.072831e+01     16968   1
       203S -1.650000e+03 -7.809932e+02  8.113274e+01     17052   1
       204S -1.050000e+03 -7.809932e+02  8.154917e+01     17136   1
       205S -1.550000e+03 -7.809932e+02  8.195258e+01     17220   1
       206S -1.600000e+03 -7.809932e+02  8.235732e+01     17304   1
       207S -1.250000e+03 -7.809932e+02  8.276573e+01     17388   1
       208S -1.600000e+03 -7.809932e+02  8.317106e+01     17472   1
       209S -1.700000e+03 -7.809932e+02  8.357830e+01     17556   1
       210S -1.600000e+03 -7.809932e+02  8.398370e+01     17640   1
       211S -1.500000e+03 -7.809932e+02  8.438863e+01     17724   1
       212S -1.150000e+03 -7.809932e+02  8.479818e+01     17808   1
       213S -1.750000e+03 -7.809932e+02  8.520151e+01     17892   1
       214S -1.500000e+03 -7.809932e+02  8.561122e+01     17976   1
       215S -1.350000e+03 -7.809932e+02  8.601700e+01     18060   1
       216S -1.350000e+03 -7.809932e+02  8.642463e+01     18144   1
       217S -9.000000e+02 -7.809932e+02  8.683526e+01     18228   1
       218S -1.550000e+03 -7.809932e+02  8.723941e+01     18312   1
       219S -1.600000e+03 -7.809932e+02  8.764397e+01     18396   1
       220S -1.600000e+03 -7.809932e+02  8.804934e+01     18480   1
       221S -1.600000e+03 -7.809932e+02  8.893756e+01     18564   1
       222S -1.350000e+03 -7.809932e+02  8.933782e+01     18648   1
       223S -1.700000e+03 -7.809932e+02  8.973768e+01     18732   1
       224S -1.300000e+03 -7.809932e+02  9.015430e+01     18816   1
       225S -1.350000e+03 -7.809932e+02  9.055960e+01     18900   1
       226S -1.250000e+03 -7.809932e+02  9.095952e+01     18984   1
       227S -1.500000e+03 -7.809932e+02  9.137144e+01     19068   1
       228S -1.450000e+03 -7.809932e+02  9.177844e+01     19152   1
       229S -1.300000e+03 -7.809932e+02  9.218426e+01     19236   1
       230S -1.800000e+03 -7.809932e+02  9.259022e+01     19320   1
       231S -1.600000e+03 -7.809932e+02  9.302699e+01     19404   1
       232S -1.550000e+03 -7.809932e+02  9.343682e+01     19488   1
       233S -1.500000e+03 -7.809932e+02  9.384599e+01     19572   1
       234S -1.050000e+03 -7.809932e+02  9.425334e+01     19656   1
       235S -1.250000e+03 -7.809932e+02  9.466269e+01     19740   1
       236S -1.650000e+03 -7.809932e+02  9.507073e+01     19824   1
       237S -1.750000e+03 -7.809932e+02  9.548136e+01     19908   1
       238S -1.800000e+03 -7.809932e+02  9.588929e+01     19992   1
       239S -1.400000e+03 -7.809932e+02  9.630163e+01     20076   1
       240S -1.100000e+03 -7.809932e+02  9.671079e+01     20160   1
       241S -1.150000e+03 -7.809932e+02  9.712285e+01     20244   1
       242S -1.300000e+03 -7.809932e+02  9.753075e+01     20328   1
       243S -1.250000e+03 -7.809932e+02  9.794419e+01     20412   1
       244S -1.800000e+03 -7.809932e+02  9.835357e+01     20496   1
       245S -1.600000e+03 -7.809932e+02  9.876550e+01     20580   1
       246S -1.400000e+03 -7.809932e+02  9.917752e+01     20664   1
       247S -1.250000e+03 -7.809932e+02  9.960172e+01     20748   1
       248S -1.800000e+03 -7.809932e+02  1.000154e+02     20832   1
       249S -1.300000e+03 -7.809932e+02  1.004303e+02     20916   1
       250S -1.600000e+03 -7.809932e+02  1.008443e+02     21000   1
       251S -1.350000e+03 -7.809932e+02  1.012626e+02     21084   1
       252S -1.750000e+03 -7.809932e+02  1.017123e+02     21168   1
       253S -1.650000e+03 -7.809932e+02  1.021298e+02     21252   1
       254S -1.600000e+03 -7.809932e+02  1.025409e+02     21336   1
       255S -1.450000e+03 -7.809932e+02  1.029572e+02     21420   1
       256S -1.450000e+03 -7.809932e+02  1.033694e+02     21504   1
       257S -1.450000e+03 -7.809932e+02  1.037830e+02     21588   1
       258S -1.700000e+03 -7.809932e+02  1.041944e+02     21672   1
       259S -1.250000e+03 -7.809932e+02  1.046097e+02     21756   1
       260S -1.400000e+03 -7.809932e+02  1.050236e+02     21840   1
       261S -1.400000e+03 -7.809932e+02  1.054378e+02     21924   1
       262S -1.250000e+03 -7.809932e+02  1.058495e+02     22008   1
       263S -1.700000e+03 -7.809932e+02  1.062638e+02     22092   1
       264S -1.350000e+03 -7.809932e+02  1.066769e+02     22176   1
       265S -1.550000e+03 -7.809932e+02  1.070933e+02     22260   1
       266S -1.600000e+03 -7.809932e+02  1.075077e+02     22344   1
       267S -1.850000e+03 -7.809932e+02  1.079234e+02     22428   1
       268S -1.300000e+03 -7.809932e+02  1.083372e+02     22512   1
       269S -1.600000e+03 -7.809932e+02  1.087534e+02     22596   1
       270S -1.400000e+03 -7.809932e+02  1.091658e+02     22680   1
       271S -1.200000e+03 -7.809932e+02  1.095824e+02     22764   1
       272S -1.700000e+03 -7.809932e+02  1.099964e+02     22848   1
       273S -1.400000e+03 -7.809932e+02  1.104134e+02     22932   1
       274S -2.100000e+03 -7.809932e+02  1.108307e+02     23016   1
       275S -1.500000e+03 -7.809932e+02  1.114442e+02     23100   1
       276S -1.800000e+03 -7.809932e+02  1.118552e+02     23184   1
       277S -1.300000e+03 -7.809932e+02  1.122664e+02     23268   1
       278S -1.400000e+03 -7.809932e+02  1.126896e+02     23352   1
       279S -1.450000e+03 -7.809932e+02  1.131059e+02     23436   1
       280S -1.600000e+03 -7.809932e+02  1.135207e+02     23520   1
       281S -1.350000e+03 -7.809932e+02  1.139347e+02     23604   1
       282S -1.100000e+03 -7.809932e+02  1.143540e+02     23688   1
       283S -1.400000e+03 -7.809932e+02  1.147738e+02     23772   1
       284S -1.250000e+03 -7.809932e+02  1.151911e+02     23856   1
       285S -1.600000e+03 -7.809932e+02  1.156079e+02     23940   1
       286S -1.200000e+03 -7.809932e+02  1.160259e+02     24024   1
       287S -1.650000e+03 -7.809932e+02  1.164441e+02     24108   1
       288S -1.400000e+03 -7.809932e+02  1.168650e+02     24192   1
       289S -1.850000e+03 -7.809932e+02  1.172862e+02     24276   1
       290S -1.500000e+03 -7.809932e+02  1.177051e+02     24360   1
       291S -1.450000e+03 -7.809932e+02  1.181245e+02     24444   1
       292S -1.450000e+03 -7.809932e+02  1.185443e+02     24528   1
       293S -1.600000e+03 -7.809932e+02  1.189665e+02     24612   1
       294S -1.400000e+03 -7.809932e+02  1.193867e+02     24696   1
       295S -1.250000e+03 -7.809932e+02  1.198066e+02     24780   1
       296S -1.850000e+03 -7.809932e+02  1.202276e+02     24864   1
       297S -1.200000e+03 -7.809932e+02  1.206477e+02     24948   1
       298S -1.300000e+03 -7.809932e+02  1.210701e+02     25032   1
       299S -1.150000e+03 -7.809932e+02  1.214914e+02     25116   1
       300S -1.600000e+03 -7.809932e+02  1.219140e+02     25200   1
-------------------------------------------------------------------
status         : iteration_limit
total time (s) : 1.219140e+02
total solves   : 25200
best bound     : -7.809932e+02
simulation ci  : -1.444000e+03 ± 2.488468e+01
numeric issues : 0
-------------------------------------------------------------------

────────────────────────────────────────────────────────────────────────────────────
                                           Time                    Allocations      
                                  ───────────────────────   ────────────────────────
        Tot / % measured:               122s /  99.9%           28.7GiB /  99.9%    

Section                   ncalls     time    %tot     avg     alloc    %tot      avg
────────────────────────────────────────────────────────────────────────────────────
backward_pass                300     110s   90.3%   367ms   27.5GiB   96.0%  93.9MiB
  solve_subproblem         18.0k     103s   84.2%  5.70ms   19.2GiB   67.1%  1.09MiB
    get_dual_solution      18.0k    65.4s   53.7%  3.64ms   16.4GiB   57.2%   956KiB
  prepare_backward_pass    1.80k   1.46ms    0.0%   811ns    169KiB    0.0%    96.0B
calculate_bound              300    9.58s    7.9%  31.9ms   0.94GiB    3.3%  3.21MiB
  get_dual_solution        6.00k   2.59ms    0.0%   431ns    938KiB    0.0%     160B
forward_pass                 300    2.27s    1.9%  7.55ms    224MiB    0.8%   763KiB
  solve_subproblem         1.20k    2.24s    1.8%  1.87ms    197MiB    0.7%   168KiB
    get_dual_solution      1.20k    506μs    0.0%   422ns    188KiB    0.0%     160B
  sample_scenario            300   4.11ms    0.0%  13.7μs    795KiB    0.0%  2.65KiB
────────────────────────────────────────────────────────────────────────────────────

-------------------------------------------------------------------
         SDDP.jl (c) Oscar Dowson and contributors, 2017-25
-------------------------------------------------------------------
problem
  nodes           : 4
  state variables : 272
  scenarios       : 1.60000e+05
  existing cuts   : false
options
  solver          : serial mode
  risk measure    : SDDP.Expectation()
  sampling scheme : SDDP.InSampleMonteCarlo
subproblem structure
  VariableRef                             : [686, 686]
  AffExpr in MOI.EqualTo{Float64}         : [110, 110]
  AffExpr in MOI.GreaterThan{Float64}     : [57, 57]
  AffExpr in MOI.LessThan{Float64}        : [84, 84]
  VariableRef in MOI.GreaterThan{Float64} : [81, 82]
  VariableRef in MOI.Integer              : [36, 36]
  VariableRef in MOI.LessThan{Float64}    : [52, 52]
  VariableRef in MOI.ZeroOne              : [329, 329]
numerical stability report
  matrix range     [6e-03, 1e+02]
  objective range  [1e+00, 5e+01]
  bounds range     [1e+00, 9e+03]
  rhs range        [6e+00, 1e+02]
-------------------------------------------------------------------
 iteration    simulation      bound        time (s)     solves  pid
-------------------------------------------------------------------
         1L -1.500000e+03  4.099974e+00  4.346663e+00        84   1
         2L -1.600000e+03  7.786817e+02  7.971384e+00       168   1
         3L -2.000000e+03 -9.980000e+02  1.128472e+01       252   1
         4L -1.350000e+03 -9.980000e+02  1.360564e+01       336   1
         5L -1.600000e+03 -9.980000e+02  1.747965e+01       420   1
         6L -1.150000e+03 -9.980000e+02  2.120595e+01       504   1
         7L -1.750000e+03 -9.980000e+02  2.484934e+01       588   1
         8L -1.550000e+03 -9.980000e+02  2.875108e+01       672   1
         9L -1.300000e+03 -9.980000e+02  3.235587e+01       756   1
        10L -2.050000e+03 -9.980000e+02  3.614500e+01       840   1
        11L -1.550000e+03 -9.980000e+02  3.981369e+01       924   1
        12L -1.650000e+03 -9.980000e+02  4.350369e+01      1008   1
        13L -1.750000e+03 -9.980000e+02  4.724608e+01      1092   1
        14L -1.400000e+03 -9.980000e+02  5.100869e+01      1176   1
        15L -1.250000e+03 -9.980000e+02  5.470399e+01      1260   1
        16L -1.500000e+03 -9.980000e+02  5.838153e+01      1344   1
        17L -1.700000e+03 -9.980000e+02  6.206827e+01      1428   1
        18L -1.450000e+03 -9.980000e+02  6.575796e+01      1512   1
        19L -1.150000e+03 -9.980000e+02  6.937198e+01      1596   1
        20L -1.450000e+03 -9.980000e+02  7.308876e+01      1680   1
        21L -1.400000e+03 -9.980000e+02  7.672967e+01      1764   1
        22L -1.600000e+03 -9.980000e+02  8.015102e+01      1848   1
        23L -1.100000e+03 -9.980000e+02  8.426250e+01      1932   1
        24L -1.600000e+03 -9.980000e+02  8.786753e+01      2016   1
        25L -1.200000e+03 -9.980000e+02  9.157596e+01      2100   1
        26L -1.400000e+03 -9.980000e+02  9.524560e+01      2184   1
        27L -1.200000e+03 -9.980000e+02  9.889233e+01      2268   1
        28L -1.450000e+03 -9.980000e+02  1.027449e+02      2352   1
        29L -1.550000e+03 -9.980000e+02  1.064423e+02      2436   1
        30L -1.500000e+03 -9.980000e+02  1.103737e+02      2520   1
        31L -1.650000e+03 -9.980000e+02  1.141073e+02      2604   1
        32L -1.300000e+03 -9.980000e+02  1.179722e+02      2688   1
        33L -1.500000e+03 -9.980000e+02  1.216180e+02      2772   1
-------------------------------------------------------------------
status         : bound_stalling
total time (s) : 1.216180e+02
total solves   : 2772
best bound     : -9.980000e+02
simulation ci  : -1.489394e+03 ± 7.614465e+01
numeric issues : 0
-------------------------------------------------------------------

────────────────────────────────────────────────────────────────────────────────────
                                           Time                    Allocations      
                                  ───────────────────────   ────────────────────────
        Tot / % measured:               122s / 100.0%           9.30GiB /  99.7%    

Section                   ncalls     time    %tot     avg     alloc    %tot      avg
────────────────────────────────────────────────────────────────────────────────────
backward_pass                 33     119s   97.7%   3.60s   9.14GiB   98.6%   284MiB
  solve_subproblem         1.98k     103s   84.9%  52.2ms   9.12GiB   98.4%  4.72MiB
    get_dual_solution      1.98k    98.4s   80.9%  49.7ms   8.81GiB   95.0%  4.56MiB
  prepare_backward_pass      198   7.07ms    0.0%  35.7μs   5.22MiB    0.1%  27.0KiB
calculate_bound               33    2.42s    2.0%  73.3ms    106MiB    1.1%  3.21MiB
  get_dual_solution          660    540μs    0.0%   818ns    103KiB    0.0%     160B
forward_pass                  33    357ms    0.3%  10.8ms   28.5MiB    0.3%   883KiB
  solve_subproblem           132    354ms    0.3%  2.68ms   25.5MiB    0.3%   198KiB
    get_dual_solution        132   71.9μs    0.0%   544ns   20.6KiB    0.0%     160B
  sample_scenario             33    624μs    0.0%  18.9μs   87.0KiB    0.0%  2.64KiB
────────────────────────────────────────────────────────────────────────────────────

-------------------------------------------------------------------
         SDDP.jl (c) Oscar Dowson and contributors, 2017-25
-------------------------------------------------------------------
problem
  nodes           : 4
  state variables : 272
  scenarios       : 1.60000e+05
  existing cuts   : false
options
  solver          : serial mode
  risk measure    : SDDP.Expectation()
  sampling scheme : SDDP.InSampleMonteCarlo
subproblem structure
  VariableRef                             : [686, 686]
  AffExpr in MOI.EqualTo{Float64}         : [110, 110]
  AffExpr in MOI.GreaterThan{Float64}     : [57, 57]
  AffExpr in MOI.LessThan{Float64}        : [84, 84]
  VariableRef in MOI.GreaterThan{Float64} : [81, 82]
  VariableRef in MOI.Integer              : [36, 36]
  VariableRef in MOI.LessThan{Float64}    : [52, 52]
  VariableRef in MOI.ZeroOne              : [329, 329]
numerical stability report
  matrix range     [6e-03, 1e+02]
  objective range  [1e+00, 5e+01]
  bounds range     [1e+00, 9e+03]
  rhs range        [6e+00, 1e+02]
-------------------------------------------------------------------
 iteration    simulation      bound        time (s)     solves  pid
-------------------------------------------------------------------
         1  -1.600000e+03 -1.840480e+02  1.003540e-01        84   1
         2  -1.600000e+03 -1.840480e+02  1.868069e-01       168   1
         3S -1.250000e+03 -7.809932e+02  5.644331e-01       252   1
         4L -1.550000e+03 -7.809932e+02  1.219487e+01       336   1
         5  -1.400000e+03 -7.809932e+02  1.229179e+01       420   1
         6S -1.300000e+03 -7.809932e+02  1.265791e+01       504   1
         7L -1.350000e+03 -7.809932e+02  2.429717e+01       588   1
         8  -1.500000e+03 -7.809932e+02  2.444497e+01       672   1
         9S -1.050000e+03 -7.809932e+02  2.481736e+01       756   1
        10L -1.550000e+03 -7.809932e+02  3.643262e+01       840   1
        11  -1.700000e+03 -7.809932e+02  3.652609e+01       924   1
        12S -1.350000e+03 -7.809932e+02  3.693076e+01      1008   1
        13L -1.750000e+03 -7.809932e+02  4.854646e+01      1092   1
        14  -1.300000e+03 -7.809932e+02  4.864123e+01      1176   1
        15S -1.750000e+03 -7.809932e+02  4.902756e+01      1260   1
        16L -1.450000e+03 -7.809932e+02  6.095256e+01      1344   1
        17  -1.850000e+03 -7.809932e+02  6.104722e+01      1428   1
        18S -1.200000e+03 -7.809932e+02  6.144112e+01      1512   1
        19L -1.550000e+03 -7.809932e+02  7.342120e+01      1596   1
        20  -1.450000e+03 -7.809932e+02  7.351554e+01      1680   1
        21S -1.300000e+03 -7.809932e+02  7.390735e+01      1764   1
        22L -1.300000e+03 -7.809932e+02  8.595677e+01      1848   1
        23  -1.600000e+03 -7.809932e+02  8.605062e+01      1932   1
        24S -1.400000e+03 -7.809932e+02  8.655556e+01      2016   1
        25L -1.500000e+03 -7.809932e+02  9.838600e+01      2100   1
        26  -1.400000e+03 -7.809932e+02  9.852499e+01      2184   1
        27S -1.700000e+03 -7.809932e+02  9.890987e+01      2268   1
        28L -1.250000e+03 -7.809932e+02  1.108431e+02      2352   1
        29  -1.200000e+03 -7.809932e+02  1.109391e+02      2436   1
        30S -1.650000e+03 -7.809932e+02  1.113460e+02      2520   1
        31L -1.700000e+03 -7.809932e+02  1.235567e+02      2604   1
        32  -1.650000e+03 -7.809932e+02  1.236523e+02      2688   1
        33S -1.200000e+03 -7.809932e+02  1.240427e+02      2772   1
-------------------------------------------------------------------
status         : bound_stalling
total time (s) : 1.240427e+02
total solves   : 2772
best bound     : -7.809932e+02
simulation ci  : -1.465152e+03 ± 6.736452e+01
numeric issues : 0
-------------------------------------------------------------------

────────────────────────────────────────────────────────────────────────────────────
                                           Time                    Allocations      
                                  ───────────────────────   ────────────────────────
        Tot / % measured:               124s /  99.9%           9.19GiB /  99.7%    

Section                   ncalls     time    %tot     avg     alloc    %tot      avg
────────────────────────────────────────────────────────────────────────────────────
backward_pass                 33     122s   98.7%   3.71s   9.03GiB   98.6%   280MiB
  solve_subproblem         1.98k     118s   94.8%  59.4ms   8.98GiB   98.0%  4.64MiB
    get_dual_solution      1.98k     114s   92.2%  57.8ms   8.64GiB   94.3%  4.47MiB
  prepare_backward_pass      198   58.8ms    0.0%   297μs   23.0MiB    0.2%   119KiB
calculate_bound               33    1.40s    1.1%  42.3ms    106MiB    1.1%  3.21MiB
  get_dual_solution          660    362μs    0.0%   549ns    103KiB    0.0%     160B
forward_pass                  33    270ms    0.2%  8.18ms   28.4MiB    0.3%   883KiB
  solve_subproblem           132    268ms    0.2%  2.03ms   25.5MiB    0.3%   198KiB
    get_dual_solution        132   64.9μs    0.0%   492ns   20.6KiB    0.0%     160B
  sample_scenario             33    466μs    0.0%  14.1μs   87.2KiB    0.0%  2.64KiB
────────────────────────────────────────────────────────────────────────────────────

-------------------------------------------------------------------
         SDDP.jl (c) Oscar Dowson and contributors, 2017-25
-------------------------------------------------------------------
problem
  nodes           : 4
  state variables : 60
  scenarios       : 1.60000e+05
  existing cuts   : false
options
  solver          : serial mode
  risk measure    : SDDP.Expectation()
  sampling scheme : SDDP.InSampleMonteCarlo
subproblem structure
  VariableRef                             : [259, 259]
  AffExpr in MOI.EqualTo{Float64}         : [87, 87]
  AffExpr in MOI.GreaterThan{Float64}     : [57, 57]
  AffExpr in MOI.LessThan{Float64}        : [84, 84]
  VariableRef in MOI.GreaterThan{Float64} : [138, 139]
  VariableRef in MOI.Integer              : [84, 84]
  VariableRef in MOI.LessThan{Float64}    : [109, 109]
  VariableRef in MOI.ZeroOne              : [57, 57]
numerical stability report
  matrix range     [2e-08, 6e+00]
  objective range  [1e+00, 3e+01]
  bounds range     [6e+00, 9e+03]
  rhs range        [1e+00, 7e+00]
WARNING: numerical stability issues detected
  - matrix range contains small coefficients
Very large or small absolute values of coefficients
can cause numerical stability issues. Consider
reformulating the model.
-------------------------------------------------------------------
 iteration    simulation      bound        time (s)     solves  pid
-------------------------------------------------------------------
         1  -2.653648e+02  3.184044e+02  4.111530e+00        84   1
         2   4.020905e+01  2.208178e+02  4.267429e+00       168   1
         3  -2.713349e+01  1.701552e+02  4.399283e+00       252   1
         4  -1.462682e+01  1.434715e+02  4.548314e+00       336   1
         5   3.598615e+02  1.407509e+02  4.793031e+00       420   1
         6   1.694139e+02  1.061484e+02  4.862804e+00       504   1
         7   1.898496e+02  1.029945e+02  4.959265e+00       588   1
         8   1.820635e+01  1.007210e+02  5.052253e+00       672   1
         9  -5.569682e+01  9.643053e+01  5.190333e+00       756   1
        10  -2.502937e+02  9.491520e+01  5.311345e+00       840   1
        11   1.678775e+02  9.330094e+01  5.454726e+00       924   1
        12   2.048641e+02  9.109168e+01  5.589215e+00      1008   1
        13  -1.271278e+02  9.025557e+01  5.739520e+00      1092   1
        14   2.936906e+02  8.751607e+01  5.906923e+00      1176   1
        15  -1.273395e+02  8.380325e+01  6.032778e+00      1260   1
        16   2.382220e+02  8.146155e+01  6.189387e+00      1344   1
        17   1.079182e+02  7.982106e+01  6.316196e+00      1428   1
        18   1.962567e+02  7.830109e+01  6.470367e+00      1512   1
        19  -4.577622e+01  7.743395e+01  6.614816e+00      1596   1
        20   1.406709e+02  7.271517e+01  6.737617e+00      1680   1
        21   8.193579e+01  7.242841e+01  6.865661e+00      1764   1
        22   1.064659e+02  7.187588e+01  6.991379e+00      1848   1
        23   1.282589e+02  7.148967e+01  7.128783e+00      1932   1
        24   4.115388e+01  7.035242e+01  7.291097e+00      2016   1
        25   4.500359e+00  6.881057e+01  7.448059e+00      2100   1
        26   2.440352e+02  6.877299e+01  7.608234e+00      2184   1
        27   1.006615e+02  6.842362e+01  7.753839e+00      2268   1
        28  -3.909941e+01  6.802136e+01  7.894648e+00      2352   1
        29   9.902235e+01  6.763777e+01  8.029195e+00      2436   1
        30  -3.816290e+01  6.689646e+01  8.157997e+00      2520   1
        31   1.125282e+01  6.647409e+01  8.296643e+00      2604   1
        32  -6.635487e+01  6.641177e+01  8.444588e+00      2688   1
        33  -8.857205e+01  6.590502e+01  8.610643e+00      2772   1
        34   8.333464e+01  6.580913e+01  8.769876e+00      2856   1
        35  -7.900840e+01  6.562283e+01  8.919264e+00      2940   1
        36  -5.288564e+01  6.505983e+01  9.079697e+00      3024   1
        37  -2.754050e+01  6.435773e+01  9.250063e+00      3108   1
        38   1.849311e+02  6.421752e+01  9.409718e+00      3192   1
        39  -1.858419e+01  6.417362e+01  9.572254e+00      3276   1
        40  -8.732734e+01  6.347695e+01  9.741049e+00      3360   1
        41   3.037113e+02  6.276099e+01  9.918186e+00      3444   1
        42   7.466701e+01  6.260689e+01  1.010701e+01      3528   1
        43   2.357048e+02  6.216564e+01  1.029433e+01      3612   1
        44  -6.802523e+01  6.213715e+01  1.047955e+01      3696   1
        45  -2.056757e+02  6.192699e+01  1.066858e+01      3780   1
        46  -3.298746e+02  6.185732e+01  1.085435e+01      3864   1
        47  -4.629265e+01  6.185463e+01  1.104207e+01      3948   1
        48   1.181018e+02  6.182616e+01  1.123167e+01      4032   1
        49   5.792341e+01  6.171994e+01  1.142528e+01      4116   1
        50  -3.215279e+02  6.136502e+01  1.161742e+01      4200   1
        51  -1.357207e+02  6.105478e+01  1.181885e+01      4284   1
        52  -6.192906e+01  6.094395e+01  1.202720e+01      4368   1
        53  -2.775800e+02  6.089888e+01  1.224355e+01      4452   1
        54   6.259015e+00  6.063988e+01  1.246480e+01      4536   1
        55   8.353552e+00  6.035219e+01  1.267581e+01      4620   1
        56   1.266198e+02  6.026316e+01  1.288296e+01      4704   1
        57  -2.409169e+02  6.013594e+01  1.318529e+01      4788   1
        58   2.786483e+02  6.012130e+01  1.338909e+01      4872   1
        59   2.361514e+02  6.007179e+01  1.360796e+01      4956   1
        60   1.191038e+02  5.991981e+01  1.385123e+01      5040   1
        61  -1.040192e+02  5.976534e+01  1.409423e+01      5124   1
        62  -5.879953e+01  5.960188e+01  1.430008e+01      5208   1
        63   2.683790e+01  5.941387e+01  1.451012e+01      5292   1
        64  -1.064899e+02  5.940246e+01  1.499974e+01      5376   1
        65  -2.795460e+02  5.934765e+01  1.527415e+01      5460   1
        66  -7.021940e+01  5.909216e+01  1.549750e+01      5544   1
        67  -1.547998e+02  5.907559e+01  1.572511e+01      5628   1
        68  -1.612014e+02  5.885875e+01  1.596496e+01      5712   1
        69   9.592649e+01  5.882218e+01  1.617508e+01      5796   1
        70   1.647851e+02  5.876320e+01  1.638273e+01      5880   1
        71   6.937645e+01  5.865598e+01  1.657311e+01      5964   1
        72  -2.594660e+02  5.859762e+01  1.682239e+01      6048   1
        73  -1.172708e+02  5.831757e+01  1.719292e+01      6132   1
        74  -8.644889e+01  5.831051e+01  1.739953e+01      6216   1
        75   1.957906e+01  5.801029e+01  1.760943e+01      6300   1
        76   8.594888e+01  5.773578e+01  1.781722e+01      6384   1
        77  -1.862514e+02  5.768714e+01  1.800881e+01      6468   1
        78  -1.507093e+02  5.759032e+01  1.821533e+01      6552   1
        79   1.363724e+02  5.736755e+01  1.841804e+01      6636   1
        80   1.081626e+01  5.725683e+01  1.862918e+01      6720   1
        81   9.858876e+01  5.722063e+01  1.886438e+01      6804   1
        82   6.037926e+01  5.711701e+01  1.910733e+01      6888   1
        83  -6.383604e+00  5.699120e+01  1.932921e+01      6972   1
        84   3.291550e+02  5.696309e+01  1.954887e+01      7056   1
        85  -1.044673e+02  5.694585e+01  1.977954e+01      7140   1
        86   1.166444e+02  5.681489e+01  2.001368e+01      7224   1
        87  -1.382972e+02  5.677008e+01  2.027147e+01      7308   1
        88   1.717463e+02  5.674406e+01  2.053929e+01      7392   1
        89   4.946839e+01  5.668332e+01  2.077898e+01      7476   1
        90  -7.884196e+01  5.663580e+01  2.103248e+01      7560   1
        91   2.410195e+02  5.656326e+01  2.130460e+01      7644   1
        92   7.528665e+01  5.656120e+01  2.164972e+01      7728   1
        93  -2.371913e+01  5.655480e+01  2.190924e+01      7812   1
        94  -3.338206e+01  5.655144e+01  2.215066e+01      7896   1
        95   1.421440e+02  5.655144e+01  2.238837e+01      7980   1
        96  -2.457481e+02  5.648125e+01  2.261773e+01      8064   1
        97   1.515362e+02  5.647487e+01  2.284263e+01      8148   1
        98   1.917882e+00  5.644018e+01  2.305580e+01      8232   1
        99   5.568847e+01  5.643428e+01  2.330184e+01      8316   1
       100   9.218264e+01  5.610959e+01  2.358033e+01      8400   1
       101   1.276523e+02  5.607606e+01  2.380495e+01      8484   1
       102  -1.589005e+02  5.588687e+01  2.404690e+01      8568   1
       103   8.441286e+01  5.580289e+01  2.429278e+01      8652   1
       104   9.981547e+01  5.575094e+01  2.452235e+01      8736   1
       105  -2.319088e+02  5.569883e+01  2.478842e+01      8820   1
       106  -3.383514e+02  5.558643e+01  2.503636e+01      8904   1
       107   2.020283e+02  5.539352e+01  2.527033e+01      8988   1
       108  -1.467526e+01  5.537813e+01  2.552565e+01      9072   1
       109   2.450707e+02  5.533659e+01  2.579109e+01      9156   1
       110  -4.461811e+01  5.530216e+01  2.603313e+01      9240   1
       111   2.765819e+01  5.523495e+01  2.629513e+01      9324   1
       112   1.084125e+02  5.504427e+01  2.655119e+01      9408   1
       113   1.979483e+02  5.497593e+01  2.678950e+01      9492   1
       114   1.311451e+02  5.490623e+01  2.705269e+01      9576   1
       115   1.894095e+02  5.490240e+01  2.729091e+01      9660   1
       116   2.523292e+02  5.486776e+01  2.754381e+01      9744   1
       117   1.360878e+02  5.483167e+01  2.777419e+01      9828   1
       118  -2.699879e+02  5.482068e+01  2.799827e+01      9912   1
       119   6.595892e+01  5.481063e+01  2.822447e+01      9996   1
       120   4.110037e+01  5.480675e+01  2.848843e+01     10080   1
       121  -2.990824e+02  5.480161e+01  2.894983e+01     10164   1
       122  -2.757595e+02  5.477283e+01  2.954805e+01     10248   1
       123   1.475721e+02  5.476955e+01  2.981965e+01     10332   1
       124   2.421003e+02  5.476917e+01  3.006664e+01     10416   1
       125   1.990181e+02  5.472467e+01  3.031981e+01     10500   1
       126   9.751291e+01  5.454683e+01  3.065427e+01     10584   1
       127   2.399436e+02  5.454015e+01  3.090683e+01     10668   1
       128  -6.737490e+01  5.453554e+01  3.115337e+01     10752   1
       129   2.757388e+02  5.444160e+01  3.141174e+01     10836   1
       130  -4.314883e+01  5.441487e+01  3.166825e+01     10920   1
       131   2.906557e+01  5.440992e+01  3.192347e+01     11004   1
       132  -1.119471e+02  5.438641e+01  3.217898e+01     11088   1
       133  -2.166420e+02  5.433728e+01  3.242527e+01     11172   1
       134  -2.777258e+01  5.430224e+01  3.267366e+01     11256   1
       135   1.590989e+02  5.429819e+01  3.294668e+01     11340   1
       136  -9.252308e+01  5.429550e+01  3.323765e+01     11424   1
       137  -9.629721e+01  5.422133e+01  3.353521e+01     11508   1
       138   1.264334e+02  5.412176e+01  3.379797e+01     11592   1
       139   1.391572e+02  5.411957e+01  3.404283e+01     11676   1
       140  -7.277763e+01  5.411269e+01  3.429984e+01     11760   1
       141  -2.522436e+02  5.409142e+01  3.459224e+01     11844   1
       142  -4.138528e+02  5.409179e+01  3.484717e+01     11928   1
       143  -3.293647e+01  5.408123e+01  3.508884e+01     12012   1
       144   7.225521e+01  5.406879e+01  3.538504e+01     12096   1
       145  -3.253194e+01  5.400647e+01  3.565100e+01     12180   1
       146  -1.196820e+02  5.398143e+01  3.590059e+01     12264   1
       147   1.281618e+02  5.396364e+01  3.616262e+01     12348   1
       148  -7.229721e+01  5.392747e+01  3.643629e+01     12432   1
       149  -6.973661e+01  5.391862e+01  3.672704e+01     12516   1
       150   1.599027e+02  5.385797e+01  3.706903e+01     12600   1
       151   1.177851e+02  5.383884e+01  3.735047e+01     12684   1
       152   2.610788e+02  5.381699e+01  3.764348e+01     12768   1
       153  -2.809841e+02  5.378835e+01  3.794054e+01     12852   1
       154   1.341413e+02  5.377147e+01  3.821494e+01     12936   1
       155   2.807320e+02  5.376634e+01  3.848993e+01     13020   1
       156  -3.888091e+02  5.374696e+01  3.878061e+01     13104   1
       157   1.828880e+02  5.374670e+01  3.906541e+01     13188   1
       158   2.413285e+01  5.371876e+01  3.936049e+01     13272   1
       159   1.494401e+02  5.369371e+01  3.965618e+01     13356   1
       160  -8.804874e+01  5.366313e+01  3.996256e+01     13440   1
       161  -2.495649e+02  5.364001e+01  4.029542e+01     13524   1
       162  -1.198250e+00  5.362711e+01  4.062694e+01     13608   1
       163  -2.188665e+02  5.358792e+01  4.105708e+01     13692   1
       164  -2.892469e+02  5.356723e+01  4.141274e+01     13776   1
       165   1.489481e+02  5.344905e+01  4.169815e+01     13860   1
       166  -9.900236e+01  5.340019e+01  4.198096e+01     13944   1
       167   2.120785e+02  5.323595e+01  4.227952e+01     14028   1
       168   1.734005e+02  5.321255e+01  4.258300e+01     14112   1
       169   2.526987e+00  5.321096e+01  4.288106e+01     14196   1
       170   3.595892e+01  5.319926e+01  4.318388e+01     14280   1
       171  -1.153787e+02  5.318676e+01  4.348921e+01     14364   1
       172   1.158516e+02  5.315638e+01  4.379196e+01     14448   1
       173   1.443980e+01  5.315348e+01  4.410853e+01     14532   1
       174   8.272777e+01  5.315292e+01  4.439832e+01     14616   1
       175  -5.641863e+01  5.315286e+01  4.467591e+01     14700   1
       176  -1.806513e+01  5.314114e+01  4.498377e+01     14784   1
       177   3.114652e+02  5.313253e+01  4.527507e+01     14868   1
       178  -1.715360e+02  5.310423e+01  4.556266e+01     14952   1
       179  -4.251186e+01  5.310156e+01  4.586878e+01     15036   1
       180  -1.810124e+02  5.308780e+01  4.615441e+01     15120   1
       181  -1.855405e+02  5.308536e+01  4.644456e+01     15204   1
       182   8.438562e+01  5.305315e+01  4.675679e+01     15288   1
       183   3.550767e+01  5.304052e+01  4.705088e+01     15372   1
       184   5.609567e+01  5.294447e+01  4.731264e+01     15456   1
       185   1.080000e+02  5.292463e+01  4.761504e+01     15540   1
       186   7.501986e+01  5.291126e+01  4.789254e+01     15624   1
       187   1.647306e+02  5.289436e+01  4.816646e+01     15708   1
       188   9.890821e+01  5.278582e+01  4.844024e+01     15792   1
       189  -4.365098e+01  5.265929e+01  4.870071e+01     15876   1
       190   1.011439e+02  5.265924e+01  4.897660e+01     15960   1
       191   3.034732e+00  5.265088e+01  4.923524e+01     16044   1
       192  -1.046743e+02  5.264556e+01  4.951633e+01     16128   1
       193   2.784539e+02  5.257894e+01  4.980233e+01     16212   1
       194   8.071935e+00  5.257831e+01  5.009989e+01     16296   1
       195  -1.453783e+02  5.256835e+01  5.037191e+01     16380   1
       196   1.785515e+02  5.253480e+01  5.064711e+01     16464   1
       197   1.818958e+02  5.251182e+01  5.091050e+01     16548   1
       198  -2.253048e+02  5.250310e+01  5.117603e+01     16632   1
       199   1.247266e+02  5.248160e+01  5.143675e+01     16716   1
       200   7.481957e+00  5.244437e+01  5.171156e+01     16800   1
       201   9.936546e+01  5.233651e+01  5.196939e+01     16884   1
       202  -2.227782e+02  5.232876e+01  5.223654e+01     16968   1
       203   2.329844e+02  5.232754e+01  5.250303e+01     17052   1
       204   1.378755e+02  5.229609e+01  5.276384e+01     17136   1
       205   3.436309e+02  5.228561e+01  5.301495e+01     17220   1
       206   2.501531e+02  5.228500e+01  5.327219e+01     17304   1
       207   2.601102e+02  5.226957e+01  5.355856e+01     17388   1
       208  -3.514815e+00  5.223254e+01  5.382745e+01     17472   1
       209   2.661514e+02  5.215877e+01  5.409730e+01     17556   1
       210   2.793302e+02  5.215877e+01  5.438690e+01     17640   1
       211   4.380908e+01  5.215877e+01  5.467841e+01     17724   1
       212   1.714745e+01  5.214109e+01  5.497673e+01     17808   1
       213   1.778280e+02  5.212107e+01  5.527160e+01     17892   1
       214  -2.452978e+02  5.211403e+01  5.555747e+01     17976   1
       215   1.655287e+02  5.208037e+01  5.583264e+01     18060   1
       216  -5.791597e+02  5.207326e+01  5.609688e+01     18144   1
       217  -5.771378e+01  5.205823e+01  5.640009e+01     18228   1
       218   1.679588e+02  5.204612e+01  5.667481e+01     18312   1
       219   9.185154e+00  5.203226e+01  5.695235e+01     18396   1
       220  -2.125910e+01  5.199568e+01  5.721628e+01     18480   1
       221  -2.192258e+01  5.199454e+01  5.748839e+01     18564   1
       222  -1.208599e+02  5.198435e+01  5.776620e+01     18648   1
       223   1.986765e+02  5.197377e+01  5.805890e+01     18732   1
       224   3.031982e+02  5.195873e+01  5.832371e+01     18816   1
       225  -2.594169e+01  5.191951e+01  5.859296e+01     18900   1
       226   2.302562e+01  5.189822e+01  5.887889e+01     18984   1
       227  -6.436453e+01  5.189173e+01  5.916068e+01     19068   1
       228  -1.447745e+02  5.188190e+01  5.944548e+01     19152   1
       229   1.625639e+02  5.187596e+01  5.973608e+01     19236   1
       230   8.987778e+01  5.182793e+01  6.004057e+01     19320   1
       231   7.079662e+00  5.178069e+01  6.033093e+01     19404   1
       232   7.621954e+00  5.177494e+01  6.067301e+01     19488   1
       233  -1.126110e+02  5.176538e+01  6.098569e+01     19572   1
       234  -2.090980e+01  5.175643e+01  6.128533e+01     19656   1
       235   9.583755e+01  5.169079e+01  6.158751e+01     19740   1
       236  -5.172084e+01  5.169079e+01  6.187562e+01     19824   1
       237  -1.406132e+01  5.169079e+01  6.217234e+01     19908   1
       238   1.520474e+02  5.169002e+01  6.246285e+01     19992   1
       239  -2.688483e+01  5.166988e+01  6.277214e+01     20076   1
       240   2.040472e+02  5.166220e+01  6.304789e+01     20160   1
       241  -1.318698e+02  5.165951e+01  6.334028e+01     20244   1
       242   9.508820e+01  5.141398e+01  6.363933e+01     20328   1
       243   2.789474e+02  5.137130e+01  6.396078e+01     20412   1
       244  -1.006132e+01  5.137023e+01  6.426156e+01     20496   1
       245  -3.692515e+02  5.134152e+01  6.454797e+01     20580   1
       246   1.014640e+02  5.133795e+01  6.485437e+01     20664   1
       247   2.089481e+02  5.133795e+01  6.513603e+01     20748   1
       248  -1.722749e+02  5.131341e+01  6.545244e+01     20832   1
       249   2.970919e+02  5.130593e+01  6.580003e+01     20916   1
       250  -8.613410e+01  5.130535e+01  6.610630e+01     21000   1
       251   3.378888e+01  5.130460e+01  6.641396e+01     21084   1
       252   1.551307e+02  5.129956e+01  6.672769e+01     21168   1
       253   1.222785e+02  5.129954e+01  6.705282e+01     21252   1
       254   5.304877e+01  5.127850e+01  6.737472e+01     21336   1
       255   1.898134e+02  5.127777e+01  6.769775e+01     21420   1
       256   6.585972e+01  5.127504e+01  6.802165e+01     21504   1
       257   1.792098e+02  5.124741e+01  6.835639e+01     21588   1
       258   1.046361e+01  5.123814e+01  6.871267e+01     21672   1
       259  -5.465301e+01  5.123814e+01  6.904607e+01     21756   1
       260   1.701217e+02  5.123244e+01  6.937132e+01     21840   1
       261   5.703419e+01  5.122337e+01  6.970445e+01     21924   1
       262  -9.068865e+00  5.122337e+01  7.008600e+01     22008   1
       263   7.495670e+01  5.122102e+01  7.040674e+01     22092   1
       264   1.310130e+02  5.119894e+01  7.074825e+01     22176   1
       265   3.483188e+01  5.119807e+01  7.108631e+01     22260   1
       266  -2.545965e+02  5.119090e+01  7.142738e+01     22344   1
       267  -8.007383e+01  5.118911e+01  7.177537e+01     22428   1
       268   2.849228e+02  5.118911e+01  7.211835e+01     22512   1
       269  -4.686488e+02  5.116949e+01  7.245421e+01     22596   1
       270   1.468058e+01  5.116091e+01  7.277149e+01     22680   1
       271   1.089292e+02  5.114058e+01  7.306034e+01     22764   1
       272   1.493177e+02  5.111605e+01  7.335037e+01     22848   1
       273  -4.907022e+01  5.111530e+01  7.364460e+01     22932   1
       274   4.490867e+01  5.111530e+01  7.396583e+01     23016   1
       275  -1.411991e+01  5.110574e+01  7.426342e+01     23100   1
       276  -1.444699e+01  5.109717e+01  7.456810e+01     23184   1
       277   1.684135e+02  5.108545e+01  7.487393e+01     23268   1
       278   3.348499e+02  5.107472e+01  7.519402e+01     23352   1
       279   4.808666e+01  5.107472e+01  7.558485e+01     23436   1
       280   1.547543e+01  5.107134e+01  7.600673e+01     23520   1
       281  -3.395080e+01  5.106090e+01  7.638664e+01     23604   1
       282   5.211800e+01  5.105545e+01  7.676964e+01     23688   1
       283   4.797858e+01  5.105229e+01  7.709532e+01     23772   1
       284  -2.412258e+02  5.104050e+01  7.750303e+01     23856   1
       285  -1.973787e+02  5.103662e+01  7.787306e+01     23940   1
       286   1.394940e+02  5.101608e+01  7.823831e+01     24024   1
       287  -1.826011e+02  5.100031e+01  7.861913e+01     24108   1
       288   1.322900e+02  5.099459e+01  7.898905e+01     24192   1
       289  -1.718332e+02  5.098867e+01  7.934346e+01     24276   1
       290  -2.154569e+02  5.095248e+01  7.970952e+01     24360   1
       291   2.456428e+02  5.093848e+01  8.018064e+01     24444   1
       292   9.459411e+01  5.093848e+01  8.053934e+01     24528   1
       293  -2.522188e+02  5.091928e+01  8.086696e+01     24612   1
       294  -2.071203e+02  5.090810e+01  8.118032e+01     24696   1
       295   9.723918e+01  5.089642e+01  8.148737e+01     24780   1
       296  -7.942587e+01  5.088785e+01  8.184427e+01     24864   1
       297   1.139592e+02  5.088785e+01  8.217450e+01     24948   1
       298   2.349894e+02  5.088016e+01  8.249484e+01     25032   1
       299   1.836276e+02  5.086316e+01  8.281924e+01     25116   1
       300  -4.375799e+01  5.084727e+01  8.316132e+01     25200   1
-------------------------------------------------------------------
status         : iteration_limit
total time (s) : 8.316132e+01
total solves   : 25200
best bound     :  5.084727e+01
simulation ci  :  2.106574e+01 ± 1.855648e+01
numeric issues : 0
-------------------------------------------------------------------

────────────────────────────────────────────────────────────────────────────────────
                                           Time                    Allocations      
                                  ───────────────────────   ────────────────────────
        Tot / % measured:              84.6s /  97.4%           2.64GiB /  93.0%    

Section                   ncalls     time    %tot     avg     alloc    %tot      avg
────────────────────────────────────────────────────────────────────────────────────
calculate_bound              300    60.9s   73.9%   203ms    340MiB   13.5%  1.13MiB
  get_dual_solution        6.00k   2.81ms    0.0%   469ns    938KiB    0.0%     160B
forward_pass                 300    10.8s   13.1%  35.9ms    413MiB   16.4%  1.38MiB
  solve_subproblem         1.20k    10.2s   12.3%  8.47ms    312MiB   12.4%   266KiB
    get_dual_solution      1.20k    600μs    0.0%   500ns    188KiB    0.0%     160B
  sample_scenario            300    266ms    0.3%   887μs   26.4MiB    1.0%  90.0KiB
backward_pass                300    10.7s   13.0%  35.8ms   1.72GiB   70.1%  5.88MiB
  solve_subproblem         18.0k    8.55s   10.4%   475μs   1.33GiB   54.0%  77.4KiB
    get_dual_solution      18.0k    884ms    1.1%  49.1μs    488MiB   19.4%  27.8KiB
  prepare_backward_pass    1.80k    990ms    1.2%   550μs    258MiB   10.3%   147KiB
────────────────────────────────────────────────────────────────────────────────────

-------------------------------------------------------------------
         SDDP.jl (c) Oscar Dowson and contributors, 2017-25
-------------------------------------------------------------------
problem
  nodes           : 4
  state variables : 60
  scenarios       : 1.60000e+05
  existing cuts   : false
options
  solver          : serial mode
  risk measure    : SDDP.Expectation()
  sampling scheme : SDDP.InSampleMonteCarlo
subproblem structure
  VariableRef                             : [259, 259]
  AffExpr in MOI.EqualTo{Float64}         : [87, 87]
  AffExpr in MOI.GreaterThan{Float64}     : [57, 57]
  AffExpr in MOI.LessThan{Float64}        : [84, 84]
  VariableRef in MOI.GreaterThan{Float64} : [138, 139]
  VariableRef in MOI.Integer              : [84, 84]
  VariableRef in MOI.LessThan{Float64}    : [109, 109]
  VariableRef in MOI.ZeroOne              : [57, 57]
numerical stability report
  matrix range     [2e-08, 6e+00]
  objective range  [1e+00, 3e+01]
  bounds range     [6e+00, 9e+03]
  rhs range        [1e+00, 7e+00]
WARNING: numerical stability issues detected
  - matrix range contains small coefficients
Very large or small absolute values of coefficients
can cause numerical stability issues. Consider
reformulating the model.
-------------------------------------------------------------------
 iteration    simulation      bound        time (s)     solves  pid
-------------------------------------------------------------------
         1S  6.556513e+01  3.370418e+02  6.098781e-01        84   1
         2S -1.176263e+02  2.141903e+02  8.583281e-01       168   1
         3S -3.259168e+02  1.609675e+02  1.198326e+00       252   1
         4S  1.522327e+02  1.362648e+02  1.527110e+00       336   1
         5S -2.335364e+02  1.147381e+02  1.881409e+00       420   1
         6S -1.692257e+01  1.133359e+02  2.198441e+00       504   1
         7S  6.772239e+01  1.100613e+02  2.584821e+00       588   1
         8S  7.941486e+01  1.036721e+02  3.019175e+00       672   1
         9S -1.188749e+02  1.032187e+02  3.456186e+00       756   1
        10S  2.660000e+02  9.841573e+01  3.898688e+00       840   1
        11S  2.881588e+02  8.758033e+01  4.259391e+00       924   1
        12S  1.901916e+02  8.437683e+01  4.644493e+00      1008   1
        13S -1.403655e+01  8.333694e+01  5.001994e+00      1092   1
        14S  2.193247e+02  7.845529e+01  5.372515e+00      1176   1
        15S  2.342808e+02  7.406558e+01  5.743304e+00      1260   1
        16S  1.125797e+02  7.238159e+01  6.195008e+00      1344   1
        17S  2.108082e+02  7.186396e+01  6.627148e+00      1428   1
        18S  1.479024e+02  7.066428e+01  7.018531e+00      1512   1
        19S  1.428686e+02  6.978564e+01  7.473642e+00      1596   1
        20S -1.865251e+01  6.900806e+01  7.946167e+00      1680   1
        21S -6.783599e+01  6.839530e+01  8.423328e+00      1764   1
        22S -3.141403e+01  6.824086e+01  8.970580e+00      1848   1
        23S  2.760592e+02  6.715521e+01  9.431523e+00      1932   1
        24S  4.765915e+01  6.686010e+01  9.947178e+00      2016   1
        25S -1.656894e+02  6.606761e+01  1.050478e+01      2100   1
        26S -2.131675e+01  6.536577e+01  1.104996e+01      2184   1
        27S  2.289869e+02  6.533134e+01  1.171494e+01      2268   1
        28S  2.254581e+01  6.498330e+01  1.236655e+01      2352   1
        29S  1.875308e+02  6.456593e+01  1.289333e+01      2436   1
        30S  8.801233e+01  6.441309e+01  1.345202e+01      2520   1
        31S  2.600000e+02  6.432177e+01  1.402148e+01      2604   1
        32S  2.146104e+02  6.413083e+01  1.455045e+01      2688   1
        33S  1.013109e+00  6.407988e+01  1.507454e+01      2772   1
        34S -2.515360e+02  6.407679e+01  1.560976e+01      2856   1
        35S  5.393561e+01  6.367025e+01  1.620079e+01      2940   1
        36S -3.981304e+01  6.331426e+01  1.697083e+01      3024   1
        37S -4.471054e+01  6.294736e+01  1.758899e+01      3108   1
        38S  2.620890e+02  6.290426e+01  1.818271e+01      3192   1
        39S  1.710891e+02  6.227301e+01  1.881207e+01      3276   1
        40S -2.090976e+02  6.209912e+01  1.934622e+01      3360   1
        41S  1.328978e+02  6.180916e+01  1.985387e+01      3444   1
        42S -7.235343e+01  6.146242e+01  2.042932e+01      3528   1
        43S -1.122747e+02  6.143176e+01  2.096726e+01      3612   1
        44S  2.600000e+02  6.097023e+01  2.153496e+01      3696   1
        45S  2.878004e+02  6.072230e+01  2.206289e+01      3780   1
        46S -2.008259e+02  6.043443e+01  2.264197e+01      3864   1
        47S -9.854389e+01  6.038597e+01  2.322222e+01      3948   1
        48S  1.910308e+02  6.015683e+01  2.379332e+01      4032   1
        49S -1.837202e+01  6.006082e+01  2.438113e+01      4116   1
        50S -7.304223e+01  6.005445e+01  2.492402e+01      4200   1
        51S  1.959489e+02  5.994055e+01  2.558412e+01      4284   1
        52S -1.607457e+02  5.970486e+01  2.616451e+01      4368   1
        53S  2.221534e+02  5.949286e+01  2.679464e+01      4452   1
        54S  1.594490e+02  5.940991e+01  2.737169e+01      4536   1
        55S -2.962892e+02  5.914307e+01  2.800577e+01      4620   1
        56S  3.954283e+01  5.905465e+01  2.859059e+01      4704   1
        57S  6.368207e+01  5.894156e+01  2.918458e+01      4788   1
        58S  1.386590e+01  5.865924e+01  2.973934e+01      4872   1
        59S -3.569317e+01  5.855932e+01  3.030253e+01      4956   1
        60S -1.564262e+01  5.834014e+01  3.091634e+01      5040   1
        61S -1.074641e+02  5.833241e+01  3.165352e+01      5124   1
        62S  1.101484e+02  5.798916e+01  3.234070e+01      5208   1
        63S  1.965372e+02  5.791192e+01  3.303718e+01      5292   1
        64S  2.967716e+01  5.764953e+01  3.367647e+01      5376   1
        65S -1.121431e+02  5.759906e+01  3.428128e+01      5460   1
        66S -5.784287e+01  5.753792e+01  3.497446e+01      5544   1
        67S -9.791411e+01  5.747359e+01  3.566041e+01      5628   1
        68S -2.044157e+02  5.744338e+01  3.641040e+01      5712   1
        69S  2.703606e+02  5.717219e+01  3.714370e+01      5796   1
        70S  2.805000e+00  5.710727e+01  3.807332e+01      5880   1
        71S  7.588817e+01  5.701319e+01  3.874893e+01      5964   1
        72S -5.811729e+01  5.691157e+01  3.986637e+01      6048   1
        73S -2.864920e+01  5.690360e+01  4.061863e+01      6132   1
        74S  1.266513e+02  5.682652e+01  4.131147e+01      6216   1
        75S  6.986683e+01  5.677642e+01  4.205082e+01      6300   1
        76S -1.334763e+02  5.651331e+01  4.273719e+01      6384   1
        77S -7.903619e+01  5.642553e+01  4.355529e+01      6468   1
        78S  3.065983e+02  5.634817e+01  4.436153e+01      6552   1
        79S -2.545540e+02  5.626738e+01  4.506850e+01      6636   1
        80S -4.208756e+01  5.612487e+01  4.590331e+01      6720   1
        81S -7.209724e+01  5.601969e+01  4.657965e+01      6804   1
        82S  1.047499e+02  5.590133e+01  4.732459e+01      6888   1
        83S  1.497958e+02  5.566218e+01  4.787713e+01      6972   1
        84S  2.645680e+01  5.548399e+01  4.880756e+01      7056   1
        85S -2.444734e+02  5.538341e+01  4.956376e+01      7140   1
        86S -2.494419e+02  5.537215e+01  5.026622e+01      7224   1
        87S  3.404783e+01  5.528532e+01  5.087798e+01      7308   1
        88S  2.985668e+02  5.526406e+01  5.163940e+01      7392   1
        89S  2.718928e+02  5.506056e+01  5.248593e+01      7476   1
        90S -1.910397e+01  5.499578e+01  5.325033e+01      7560   1
        91S  1.154609e+01  5.491506e+01  5.390761e+01      7644   1
        92S  1.392715e+02  5.483901e+01  5.460290e+01      7728   1
        93S  1.857551e+02  5.464185e+01  5.526454e+01      7812   1
        94S -5.794671e+01  5.460194e+01  5.592570e+01      7896   1
        95S -1.679146e+02  5.456853e+01  5.672848e+01      7980   1
        96S -1.421372e+02  5.452061e+01  5.744933e+01      8064   1
        97S -6.953639e+01  5.451468e+01  5.821523e+01      8148   1
        98S  6.363350e+01  5.448803e+01  5.902299e+01      8232   1
        99S -1.680365e+02  5.441333e+01  5.978267e+01      8316   1
       100S  4.119477e+01  5.436599e+01  6.052603e+01      8400   1
       101S -3.795870e+01  5.430169e+01  6.120146e+01      8484   1
       102S  8.616131e+01  5.429553e+01  6.190656e+01      8568   1
       103S  8.916724e+01  5.411745e+01  6.268562e+01      8652   1
       104S  1.142286e+02  5.408954e+01  6.345912e+01      8736   1
       105S -1.155761e+02  5.406765e+01  6.426249e+01      8820   1
       106S  1.687040e+02  5.402671e+01  6.492434e+01      8904   1
       107S  9.958126e+01  5.400633e+01  6.560142e+01      8988   1
       108S -2.230498e+02  5.399712e+01  6.621123e+01      9072   1
       109S  1.323755e+02  5.395286e+01  6.693596e+01      9156   1
       110S -1.466473e+01  5.392602e+01  6.776337e+01      9240   1
       111S -2.601580e+02  5.383771e+01  6.846729e+01      9324   1
       112S  1.559456e+02  5.382451e+01  6.931758e+01      9408   1
       113S  8.205940e+01  5.376131e+01  7.025667e+01      9492   1
       114S  5.984429e+01  5.371049e+01  7.096949e+01      9576   1
       115S -2.199011e+01  5.370347e+01  7.172015e+01      9660   1
       116S -1.951797e+02  5.369789e+01  7.241232e+01      9744   1
       117S -3.281084e+02  5.366792e+01  7.306899e+01      9828   1
       118S -1.527274e+01  5.363991e+01  7.384139e+01      9912   1
       119S -8.778389e+01  5.360582e+01  7.468274e+01      9996   1
       120S  2.085153e+02  5.355695e+01  7.551902e+01     10080   1
       121S -2.977580e+02  5.353045e+01  7.635501e+01     10164   1
       122S -1.502320e+02  5.342405e+01  7.730893e+01     10248   1
       123S  2.997558e+02  5.341533e+01  7.815078e+01     10332   1
       124S -1.252924e+02  5.326797e+01  7.916017e+01     10416   1
       125S  2.836258e+02  5.325713e+01  8.010097e+01     10500   1
       126S -3.172808e+01  5.325690e+01  8.099924e+01     10584   1
       127S -1.147314e+02  5.322320e+01  8.193085e+01     10668   1
       128S  1.543000e+02  5.315797e+01  8.280942e+01     10752   1
       129S -2.335474e+02  5.315792e+01  8.377007e+01     10836   1
       130S  6.146040e+01  5.313741e+01  8.451323e+01     10920   1
       131S -1.356009e+01  5.313741e+01  8.540049e+01     11004   1
       132S -1.004028e+02  5.306339e+01  8.628563e+01     11088   1
       133S  9.113205e+01  5.292984e+01  8.717972e+01     11172   1
       134S  3.214630e+01  5.291642e+01  8.812628e+01     11256   1
       135S  3.042956e+02  5.290242e+01  8.910061e+01     11340   1
       136S  7.671902e+01  5.289826e+01  9.005179e+01     11424   1
       137S  2.690828e+02  5.286832e+01  9.091997e+01     11508   1
       138S -1.254859e+02  5.285480e+01  9.179974e+01     11592   1
       139S  1.753942e+02  5.285262e+01  9.253164e+01     11676   1
       140S -3.073054e+02  5.285085e+01  9.343432e+01     11760   1
       141S  1.556245e+02  5.284773e+01  9.443886e+01     11844   1
       142S  8.958956e+01  5.284748e+01  9.534362e+01     11928   1
       143S -2.052376e+02  5.283596e+01  9.616775e+01     12012   1
       144S  1.994351e+02  5.283125e+01  9.704671e+01     12096   1
       145S -1.133902e+02  5.280936e+01  9.797640e+01     12180   1
       146S  1.439489e+02  5.280587e+01  9.900371e+01     12264   1
       147S  2.703681e+02  5.279696e+01  1.000076e+02     12348   1
       148S  6.112507e+01  5.279565e+01  1.009723e+02     12432   1
       149S  5.134382e+01  5.273687e+01  1.019980e+02     12516   1
       150S -5.539624e+01  5.273609e+01  1.029862e+02     12600   1
       151S -1.454734e+02  5.272402e+01  1.037799e+02     12684   1
       152S  8.101289e+01  5.272319e+01  1.047357e+02     12768   1
       153S -1.307181e+02  5.272071e+01  1.059676e+02     12852   1
       154S  2.351480e+02  5.269991e+01  1.070181e+02     12936   1
       155S  2.021608e+01  5.269949e+01  1.081041e+02     13020   1
       156S  5.050945e+01  5.269729e+01  1.089986e+02     13104   1
       157S -1.048066e+02  5.268523e+01  1.102984e+02     13188   1
       158S  7.425424e+01  5.266206e+01  1.112746e+02     13272   1
       159S  1.931412e+02  5.264360e+01  1.122896e+02     13356   1
       160S  9.246036e+01  5.263291e+01  1.133702e+02     13440   1
       161S -5.256885e+01  5.262113e+01  1.143703e+02     13524   1
       162S  3.465880e+01  5.262062e+01  1.153599e+02     13608   1
       163S  6.912456e+01  5.262040e+01  1.163224e+02     13692   1
       164S  7.960222e+01  5.261589e+01  1.174493e+02     13776   1
       165S  2.676785e+02  5.260860e+01  1.186823e+02     13860   1
       166S  5.401283e+01  5.252494e+01  1.198660e+02     13944   1
       167S -3.666681e+01  5.238711e+01  1.209792e+02     14028   1
       168S -2.730297e+02  5.238293e+01  1.220286e+02     14112   1
       169S  4.928606e+01  5.227374e+01  1.232072e+02     14196   1
       170S -2.407385e+02  5.226100e+01  1.242688e+02     14280   1
       171S -2.125881e+02  5.221781e+01  1.253263e+02     14364   1
       172S -3.621883e+01  5.221432e+01  1.262275e+02     14448   1
       173S  3.501199e+02  5.215930e+01  1.271264e+02     14532   1
       174S  3.037558e+02  5.213773e+01  1.282734e+02     14616   1
       175S  7.778956e+01  5.206413e+01  1.293593e+02     14700   1
       176S  2.513495e+01  5.206149e+01  1.304002e+02     14784   1
       177S  2.792971e+02  5.200949e+01  1.314312e+02     14868   1
       178S  1.125129e+02  5.199777e+01  1.324386e+02     14952   1
       179S  2.720000e+02  5.195040e+01  1.335951e+02     15036   1
       180S  1.657025e+02  5.192784e+01  1.347872e+02     15120   1
       181S -3.438623e+00  5.192784e+01  1.359182e+02     15204   1
       182S  1.824402e+02  5.192274e+01  1.368745e+02     15288   1
       183S -1.905353e+02  5.190679e+01  1.378613e+02     15372   1
       184S  5.310198e+01  5.187062e+01  1.389883e+02     15456   1
       185S -5.306419e+01  5.182296e+01  1.400798e+02     15540   1
       186S  1.104152e+02  5.181091e+01  1.411801e+02     15624   1
       187S -7.069894e+01  5.176154e+01  1.422381e+02     15708   1
       188S -1.815149e+02  5.174380e+01  1.433099e+02     15792   1
       189S  3.480000e+02  5.174371e+01  1.443570e+02     15876   1
       190S  2.041260e+02  5.173123e+01  1.454431e+02     15960   1
       191S  2.425335e+02  5.172017e+01  1.465569e+02     16044   1
       192S  1.944284e+02  5.169254e+01  1.475870e+02     16128   1
       193S -8.953639e+01  5.169076e+01  1.485904e+02     16212   1
       194S  2.524076e+02  5.167956e+01  1.504006e+02     16296   1
       195S  3.802173e+02  5.161431e+01  1.526719e+02     16380   1
       196S  2.191961e+01  5.159605e+01  1.539433e+02     16464   1
       197S -1.967126e+02  5.158797e+01  1.550572e+02     16548   1
       198S -1.876145e+02  5.157944e+01  1.561799e+02     16632   1
       199S  1.248052e+01  5.156858e+01  1.574503e+02     16716   1
       200S -1.009304e+01  5.156173e+01  1.586688e+02     16800   1
       201S  1.627799e+02  5.149363e+01  1.601056e+02     16884   1
       202S  2.451615e+02  5.146012e+01  1.612968e+02     16968   1
       203S  3.575754e+02  5.140225e+01  1.626954e+02     17052   1
       204S  1.820843e+02  5.134749e+01  1.639460e+02     17136   1
       205S  2.663834e+02  5.132399e+01  1.650953e+02     17220   1
       206S  9.133423e+01  5.132022e+01  1.663236e+02     17304   1
       207S  2.571387e+02  5.129156e+01  1.674982e+02     17388   1
       208S  3.118208e+02  5.129121e+01  1.686289e+02     17472   1
       209S  7.649916e+01  5.127977e+01  1.697278e+02     17556   1
       210S -2.065482e+02  5.125168e+01  1.709607e+02     17640   1
       211S -1.833457e+02  5.123783e+01  1.720125e+02     17724   1
       212S -1.574660e+02  5.117707e+01  1.730052e+02     17808   1
       213S -2.008358e+02  5.114832e+01  1.743176e+02     17892   1
       214S  8.094001e+01  5.114075e+01  1.755663e+02     17976   1
       215S  1.185627e+02  5.111892e+01  1.766670e+02     18060   1
       216S -2.201237e+02  5.108552e+01  1.778993e+02     18144   1
       217S -2.733756e+02  5.104569e+01  1.791261e+02     18228   1
       218S  1.978959e+02  5.104376e+01  1.802974e+02     18312   1
       219S  7.215806e+01  5.104119e+01  1.815184e+02     18396   1
       220S  5.986841e+01  5.103166e+01  1.828149e+02     18480   1
       221S  2.684678e+01  5.102920e+01  1.840372e+02     18564   1
       222S -6.249744e+01  5.094203e+01  1.853553e+02     18648   1
       223S -7.455212e+00  5.092290e+01  1.866265e+02     18732   1
       224S  2.744464e+01  5.090488e+01  1.878117e+02     18816   1
       225S -1.171836e+02  5.083889e+01  1.895775e+02     18900   1
       226S  8.524629e+01  5.079689e+01  1.909632e+02     18984   1
       227S  2.238786e+01  5.078417e+01  1.926066e+02     19068   1
       228S -8.805179e+01  5.068228e+01  1.937895e+02     19152   1
       229S -9.171699e+00  5.066872e+01  1.951386e+02     19236   1
       230S  1.464879e+02  5.066737e+01  1.962658e+02     19320   1
       231S  1.751472e+02  5.066221e+01  1.975113e+02     19404   1
       232S  1.846350e+02  5.061233e+01  1.985698e+02     19488   1
       233S  2.906590e+02  5.059690e+01  1.996917e+02     19572   1
       234S -5.347753e+01  5.058873e+01  2.010188e+02     19656   1
       235S -7.279261e+01  5.057520e+01  2.022376e+02     19740   1
       236S -1.888017e+02  5.051690e+01  2.034700e+02     19824   1
       237S  1.444935e+02  5.050880e+01  2.047398e+02     19908   1
       238S  1.128452e+02  5.048842e+01  2.059864e+02     19992   1
       239S -9.780616e+01  5.048069e+01  2.072711e+02     20076   1
       240S  2.962812e+02  5.045788e+01  2.086358e+02     20160   1
       241S -1.953025e+02  5.045217e+01  2.099873e+02     20244   1
       242S  6.835010e+01  5.042325e+01  2.111754e+02     20328   1
       243S  1.287553e+02  5.041369e+01  2.125403e+02     20412   1
       244S  9.416728e+01  5.039462e+01  2.140856e+02     20496   1
       245S -1.639701e+02  5.038588e+01  2.151562e+02     20580   1
       246S  2.567135e+02  5.037440e+01  2.163495e+02     20664   1
       247S -1.298285e+01  5.033591e+01  2.176840e+02     20748   1
       248S -1.273919e+01  5.032774e+01  2.190526e+02     20832   1
       249S -8.401784e+01  5.031275e+01  2.202560e+02     20916   1
       250S  3.172954e+02  5.029519e+01  2.215378e+02     21000   1
       251S  4.808300e+01  5.027867e+01  2.227541e+02     21084   1
       252S -6.041863e+01  5.027576e+01  2.241513e+02     21168   1
       253S  2.220000e+02  5.026705e+01  2.253652e+02     21252   1
       254S  4.387391e+01  5.026705e+01  2.264955e+02     21336   1
       255S  4.352448e+01  5.026448e+01  2.276904e+02     21420   1
       256S  2.114842e+01  5.026448e+01  2.290602e+02     21504   1
       257S  1.223359e+02  5.026106e+01  2.303247e+02     21588   1
       258S  1.027480e+02  5.025367e+01  2.316416e+02     21672   1
       259S  1.296374e+02  5.024313e+01  2.328643e+02     21756   1
       260S  1.075731e+02  5.022965e+01  2.342324e+02     21840   1
       261S  3.783267e+01  5.020564e+01  2.357948e+02     21924   1
       262S -3.097880e+02  5.019879e+01  2.369995e+02     22008   1
       263S  2.093378e+02  5.019698e+01  2.382077e+02     22092   1
       264S  1.820360e+02  5.019698e+01  2.393921e+02     22176   1
       265S  9.394833e+01  5.018804e+01  2.405639e+02     22260   1
       266S -3.684459e+02  5.018674e+01  2.418303e+02     22344   1
       267S -1.929533e+02  5.017848e+01  2.430067e+02     22428   1
       268S -2.677341e+02  5.010782e+01  2.442235e+02     22512   1
       269S -1.119300e+02  5.008944e+01  2.456043e+02     22596   1
       270S  1.661243e+02  5.008513e+01  2.472197e+02     22680   1
       271S  1.461509e+02  5.005881e+01  2.486881e+02     22764   1
       272S -6.861649e+01  5.005380e+01  2.500560e+02     22848   1
       273S  1.426254e+02  5.003693e+01  2.513476e+02     22932   1
       274S  3.239790e+02  5.003693e+01  2.525983e+02     23016   1
       275S -5.208017e+01  5.003243e+01  2.539604e+02     23100   1
       276S  4.297821e+01  5.000407e+01  2.552366e+02     23184   1
       277S  5.107569e+01  5.000117e+01  2.565485e+02     23268   1
       278S -2.877925e+02  4.999484e+01  2.579645e+02     23352   1
       279S -4.475719e+01  4.998662e+01  2.592960e+02     23436   1
       280S -3.184274e+01  4.998661e+01  2.605498e+02     23520   1
       281S  2.144306e+02  4.998661e+01  2.618090e+02     23604   1
       282S  2.022770e+02  4.998661e+01  2.633621e+02     23688   1
       283S  2.338244e+02  4.998488e+01  2.648592e+02     23772   1
       284S  3.260522e+02  4.997510e+01  2.663681e+02     23856   1
       285S  3.083282e+01  4.997500e+01  2.676420e+02     23940   1
       286S -2.140895e+02  4.996509e+01  2.691689e+02     24024   1
       287S -2.358757e+02  4.996509e+01  2.704554e+02     24108   1
       288S  1.214050e+02  4.994955e+01  2.720289e+02     24192   1
       289S -6.163094e+01  4.992326e+01  2.735671e+02     24276   1
       290S  7.933539e+01  4.991079e+01  2.747924e+02     24360   1
       291S -1.165271e+02  4.990173e+01  2.762739e+02     24444   1
       292S -3.387763e+01  4.987955e+01  2.776830e+02     24528   1
       293S  3.996136e+01  4.987542e+01  2.791782e+02     24612   1
       294S -1.167074e+02  4.986150e+01  2.807461e+02     24696   1
       295S  2.409720e+02  4.985369e+01  2.823343e+02     24780   1
       296S -1.927867e+02  4.984956e+01  2.838651e+02     24864   1
       297S  2.037947e+02  4.984956e+01  2.854503e+02     24948   1
       298S  1.659569e+02  4.984799e+01  2.872298e+02     25032   1
       299S  1.818992e+02  4.978203e+01  2.890084e+02     25116   1
       300S  1.470510e+02  4.976438e+01  2.905342e+02     25200   1
-------------------------------------------------------------------
status         : iteration_limit
total time (s) : 2.905342e+02
total solves   : 25200
best bound     :  4.976438e+01
simulation ci  :  3.489267e+01 ± 1.856747e+01
numeric issues : 0
-------------------------------------------------------------------

────────────────────────────────────────────────────────────────────────────────────
                                           Time                    Allocations      
                                  ───────────────────────   ────────────────────────
        Tot / % measured:               291s / 100.0%           6.38GiB /  99.6%    

Section                   ncalls     time    %tot     avg     alloc    %tot      avg
────────────────────────────────────────────────────────────────────────────────────
backward_pass                300     223s   76.6%   742ms   5.97GiB   93.8%  20.4MiB
  solve_subproblem         18.0k     222s   76.4%  12.3ms   5.91GiB   92.9%   344KiB
    get_dual_solution      18.0k     109s   37.6%  6.07ms   5.03GiB   79.1%   293KiB
  prepare_backward_pass    1.80k   1.80ms    0.0%  1.00μs    180KiB    0.0%     102B
calculate_bound              300    59.1s   20.3%   197ms    331MiB    5.1%  1.10MiB
  get_dual_solution        6.00k   2.57ms    0.0%   428ns    938KiB    0.0%     160B
forward_pass                 300    8.83s    3.0%  29.4ms   71.3MiB    1.1%   244KiB
  solve_subproblem         1.20k    8.81s    3.0%  7.34ms   63.1MiB    1.0%  53.8KiB
    get_dual_solution      1.20k    527μs    0.0%   439ns    188KiB    0.0%     160B
  sample_scenario            300   4.33ms    0.0%  14.4μs    790KiB    0.0%  2.63KiB
────────────────────────────────────────────────────────────────────────────────────

-------------------------------------------------------------------
         SDDP.jl (c) Oscar Dowson and contributors, 2017-25
-------------------------------------------------------------------
problem
  nodes           : 4
  state variables : 60
  scenarios       : 1.60000e+05
  existing cuts   : false
options
  solver          : serial mode
  risk measure    : SDDP.Expectation()
  sampling scheme : SDDP.InSampleMonteCarlo
subproblem structure
  VariableRef                             : [259, 259]
  AffExpr in MOI.EqualTo{Float64}         : [87, 87]
  AffExpr in MOI.GreaterThan{Float64}     : [57, 57]
  AffExpr in MOI.LessThan{Float64}        : [84, 84]
  VariableRef in MOI.GreaterThan{Float64} : [138, 139]
  VariableRef in MOI.Integer              : [84, 84]
  VariableRef in MOI.LessThan{Float64}    : [109, 109]
  VariableRef in MOI.ZeroOne              : [57, 57]
numerical stability report
  matrix range     [2e-08, 6e+00]
  objective range  [1e+00, 3e+01]
  bounds range     [6e+00, 9e+03]
  rhs range        [1e+00, 7e+00]
WARNING: numerical stability issues detected
  - matrix range contains small coefficients
Very large or small absolute values of coefficients
can cause numerical stability issues. Consider
reformulating the model.
-------------------------------------------------------------------
 iteration    simulation      bound        time (s)     solves  pid
-------------------------------------------------------------------
         1L -1.467116e+02  4.252063e+02  1.814953e+00        84   1
         2L  3.088921e+01  2.865701e+02  2.389038e+00       168   1
         3L  2.625473e+01  1.502611e+02  3.162412e+00       252   1
         4L  3.654285e+01  1.429235e+02  3.975508e+00       336   1
         5L  3.320219e+01  1.246460e+02  4.801593e+00       420   1
         6L -1.259792e+02  1.138401e+02  5.568581e+00       504   1
         7L  3.488916e+01  1.085423e+02  6.366743e+00       588   1
         8L  8.141891e+01  1.050462e+02  7.137931e+00       672   1
         9L  1.267927e+02  9.943209e+01  7.989528e+00       756   1
        10L  1.531468e+02  9.520000e+01  8.820523e+00       840   1
        11L -1.702064e+02  9.400874e+01  9.728084e+00       924   1
        12L -1.522856e+02  8.925994e+01  1.067553e+01      1008   1
        13L  1.575262e+02  8.767210e+01  1.156304e+01      1092   1
        14L  3.394417e+01  8.534284e+01  1.241283e+01      1176   1
        15L -6.981449e+00  8.347698e+01  1.329587e+01      1260   1
        16L  1.627971e+02  7.789753e+01  1.421861e+01      1344   1
        17L  1.846303e+02  7.713789e+01  1.519399e+01      1428   1
        18L -1.810763e+02  7.709904e+01  1.630085e+01      1512   1
        19L -1.352790e+02  7.673519e+01  1.722457e+01      1596   1
        20L  1.613171e+02  7.584440e+01  1.828257e+01      1680   1
        21L  3.534883e+00  7.538798e+01  1.933011e+01      1764   1
        22L -2.364386e+02  7.509563e+01  2.038682e+01      1848   1
        23L -1.626841e+02  7.222119e+01  2.148423e+01      1932   1
        24L  1.308181e+02  7.202105e+01  2.271988e+01      2016   1
        25L  2.202169e+02  7.133501e+01  2.378350e+01      2100   1
        26L -5.852254e+01  7.080834e+01  2.492695e+01      2184   1
        27L -3.548281e+02  7.075636e+01  2.595534e+01      2268   1
        28L  1.106985e+01  7.050160e+01  2.709003e+01      2352   1
        29L -1.435245e+02  7.014404e+01  2.823724e+01      2436   1
        30L  1.033330e+02  6.996600e+01  2.936993e+01      2520   1
        31L -3.764342e+01  6.807221e+01  3.053581e+01      2604   1
        32L -4.315120e-01  6.805750e+01  3.172491e+01      2688   1
        33L  2.294384e+02  6.690585e+01  3.307643e+01      2772   1
        34L  1.246620e+02  6.622978e+01  3.460617e+01      2856   1
        35L  3.528640e+01  6.610526e+01  3.586507e+01      2940   1
        36L  1.512884e+02  6.521051e+01  3.713240e+01      3024   1
        37L -2.381919e+01  6.494918e+01  3.824126e+01      3108   1
        38L  2.240000e+02  6.459614e+01  3.947438e+01      3192   1
        39L -1.754491e+02  6.453690e+01  4.068991e+01      3276   1
        40L  2.799184e+02  6.429077e+01  4.186413e+01      3360   1
        41L  1.424129e+02  6.405673e+01  4.306496e+01      3444   1
        42L  1.674744e+02  6.393037e+01  4.428792e+01      3528   1
        43L  3.783836e+01  6.379859e+01  4.605649e+01      3612   1
        44L  1.081224e+02  6.360479e+01  4.745420e+01      3696   1
        45L  4.046385e+01  6.353023e+01  4.860989e+01      3780   1
        46L  1.702470e+02  6.334520e+01  4.990176e+01      3864   1
        47L  9.511668e+01  6.293141e+01  5.110696e+01      3948   1
        48L -6.297520e+01  6.260187e+01  5.264784e+01      4032   1
        49L -2.865819e+02  6.252804e+01  5.377700e+01      4116   1
        50L  2.353071e+02  6.228282e+01  5.529659e+01      4200   1
        51L -4.203898e+00  6.221685e+01  5.676496e+01      4284   1
        52L  2.614970e+02  6.185982e+01  5.797997e+01      4368   1
        53L  4.085318e+01  6.184461e+01  5.913397e+01      4452   1
        54L -9.856872e+01  6.166643e+01  6.066208e+01      4536   1
        55L  3.249567e+02  6.138739e+01  6.191942e+01      4620   1
        56L  1.597484e+01  6.129432e+01  6.341953e+01      4704   1
        57L -4.134551e+02  6.113055e+01  6.487774e+01      4788   1
        58L  1.779548e+02  6.099489e+01  6.621632e+01      4872   1
        59L  3.642532e+01  6.068833e+01  6.759657e+01      4956   1
        60L  7.356397e+01  6.042629e+01  6.899989e+01      5040   1
        61L  2.820205e+02  6.031428e+01  7.026552e+01      5124   1
        62L  1.345122e+02  6.022016e+01  7.156507e+01      5208   1
        63L -5.118119e+01  6.019519e+01  7.296973e+01      5292   1
        64L  9.246732e+01  6.007046e+01  7.432201e+01      5376   1
        65L  2.278374e+02  6.000820e+01  7.591804e+01      5460   1
        66L  1.668106e+02  5.995713e+01  7.729122e+01      5544   1
        67L -8.238527e+01  5.990438e+01  7.876315e+01      5628   1
        68L  1.824009e+02  5.985412e+01  8.032075e+01      5712   1
        69L -3.643343e+02  5.967598e+01  8.193711e+01      5796   1
        70L -2.788251e+02  5.947860e+01  8.330550e+01      5880   1
        71L  5.100953e+01  5.944587e+01  8.477904e+01      5964   1
        72L  3.035510e+02  5.941819e+01  8.612703e+01      6048   1
        73L  2.426380e+02  5.917691e+01  8.762814e+01      6132   1
        74L  4.807503e+01  5.911108e+01  8.904831e+01      6216   1
        75L  3.556283e+02  5.905967e+01  9.070880e+01      6300   1
        76L  1.609350e+02  5.890196e+01  9.336228e+01      6384   1
        77L  1.326265e+02  5.877333e+01  9.509187e+01      6468   1
        78L  2.108662e+02  5.871339e+01  9.666073e+01      6552   1
        79L -8.608655e+01  5.854844e+01  9.865237e+01      6636   1
        80L  1.555118e+02  5.841090e+01  1.011958e+02      6720   1
        81L -1.879205e+02  5.812101e+01  1.036481e+02      6804   1
        82L -2.173538e+01  5.810999e+01  1.051796e+02      6888   1
        83L -1.058976e+02  5.810430e+01  1.070442e+02      6972   1
        84L  1.739568e+01  5.795989e+01  1.087293e+02      7056   1
        85L  1.528494e+02  5.790909e+01  1.102571e+02      7140   1
        86L -1.010513e+02  5.790043e+01  1.119345e+02      7224   1
        87L  1.071812e+02  5.786985e+01  1.132525e+02      7308   1
        88L  1.163770e+02  5.764532e+01  1.150888e+02      7392   1
        89L  1.480000e+02  5.763449e+01  1.168188e+02      7476   1
        90L  3.887474e+02  5.734973e+01  1.188286e+02      7560   1
        91L -7.488346e+01  5.726097e+01  1.213149e+02      7644   1
        92L  1.783330e+02  5.698235e+01  1.232022e+02      7728   1
        93L  4.483423e+01  5.696154e+01  1.246830e+02      7812   1
        94L  1.113226e+02  5.694589e+01  1.263335e+02      7896   1
        95L  4.087318e+00  5.693470e+01  1.280054e+02      7980   1
        96L -5.012577e+01  5.688370e+01  1.295890e+02      8064   1
        97L  1.341527e+02  5.676235e+01  1.314448e+02      8148   1
        98L -1.232930e+02  5.672704e+01  1.329427e+02      8232   1
        99L  1.250832e+02  5.666570e+01  1.344124e+02      8316   1
       100L -1.794683e+02  5.663205e+01  1.360961e+02      8400   1
       101L -9.184925e+01  5.658247e+01  1.380114e+02      8484   1
       102L -3.222889e+01  5.657687e+01  1.399850e+02      8568   1
       103L -3.256190e+02  5.635317e+01  1.420676e+02      8652   1
       104L  1.032306e+02  5.619333e+01  1.439220e+02      8736   1
       105L  2.407921e+01  5.603518e+01  1.458777e+02      8820   1
       106L  3.864361e+01  5.599125e+01  1.475301e+02      8904   1
       107L  1.047895e+02  5.593911e+01  1.492128e+02      8988   1
       108L  2.825280e+01  5.582735e+01  1.508854e+02      9072   1
       109L  3.307380e+02  5.572658e+01  1.527205e+02      9156   1
       110L  3.220830e+02  5.570010e+01  1.548349e+02      9240   1
       111L  2.061386e+02  5.562213e+01  1.567254e+02      9324   1
       112L  1.194251e+02  5.561425e+01  1.584115e+02      9408   1
       113L -9.594447e+01  5.542703e+01  1.606065e+02      9492   1
       114L -5.421398e+01  5.535780e+01  1.623695e+02      9576   1
       115L -1.526061e+02  5.531527e+01  1.641628e+02      9660   1
       116L  1.253404e+02  5.531284e+01  1.661198e+02      9744   1
       117L -2.522121e+02  5.529421e+01  1.677563e+02      9828   1
       118L -1.813540e+02  5.522716e+01  1.694051e+02      9912   1
       119L  1.492878e+02  5.510765e+01  1.715091e+02      9996   1
       120L -1.630965e+02  5.510336e+01  1.732025e+02     10080   1
       121L  1.163033e+02  5.502286e+01  1.750129e+02     10164   1
       122L  5.548143e+01  5.493804e+01  1.767649e+02     10248   1
       123L -2.898428e+02  5.490140e+01  1.791228e+02     10332   1
       124L -7.061134e+01  5.488411e+01  1.807648e+02     10416   1
       125L -2.079638e+02  5.487751e+01  1.826929e+02     10500   1
       126L  8.000000e+00  5.483446e+01  1.840888e+02     10584   1
       127L -9.861162e+01  5.479875e+01  1.860479e+02     10668   1
       128L  8.065309e+01  5.478340e+01  1.881504e+02     10752   1
       129L -1.128973e+02  5.453990e+01  1.899509e+02     10836   1
       130L  9.984305e+00  5.451708e+01  1.926498e+02     10920   1
       131L -1.030236e+02  5.443918e+01  1.948942e+02     11004   1
       132L  1.965775e+02  5.439454e+01  1.966708e+02     11088   1
       133L -2.095795e+02  5.425910e+01  1.991157e+02     11172   1
       134L  1.073169e+02  5.423150e+01  2.009744e+02     11256   1
       135L  6.648272e+01  5.421624e+01  2.028390e+02     11340   1
       136L -7.452019e+01  5.421401e+01  2.046726e+02     11424   1
       137L  1.426068e+02  5.406888e+01  2.065427e+02     11508   1
       138L -1.502002e+02  5.402721e+01  2.083763e+02     11592   1
       139L -5.912228e+01  5.399092e+01  2.107169e+02     11676   1
       140L  9.893284e+01  5.395038e+01  2.130779e+02     11760   1
       141L -1.140927e+02  5.398496e+01  2.150771e+02     11844   1
       142L  2.464969e+02  5.396744e+01  2.171024e+02     11928   1
       143L  3.700000e+02  5.390463e+01  2.190425e+02     12012   1
       144L  1.460314e+02  5.365661e+01  2.213647e+02     12096   1
       145L -2.278542e+02  5.365374e+01  2.234455e+02     12180   1
       146L -2.449049e+01  5.355443e+01  2.252382e+02     12264   1
       147L  3.569031e+01  5.354313e+01  2.273134e+02     12348   1
       148L  8.639241e+00  5.346416e+01  2.290646e+02     12432   1
       149L  2.371387e+02  5.343081e+01  2.312894e+02     12516   1
       150L  1.780099e+02  5.342674e+01  2.333022e+02     12600   1
       151L  4.550186e+01  5.338920e+01  2.351040e+02     12684   1
       152L -1.541553e+02  5.344364e+01  2.373533e+02     12768   1
       153L -5.963629e+01  5.343907e+01  2.390822e+02     12852   1
       154L  1.230780e+02  5.343714e+01  2.409928e+02     12936   1
       155L  1.683564e+02  5.341246e+01  2.434987e+02     13020   1
       156L  1.256193e+02  5.327961e+01  2.453508e+02     13104   1
       157L -6.953155e+01  5.327740e+01  2.478998e+02     13188   1
       158L -2.413938e+01  5.326170e+01  2.504413e+02     13272   1
       159L  6.800000e+01  5.323866e+01  2.526154e+02     13356   1
       160L -9.904505e+01  5.321842e+01  2.544888e+02     13440   1
       161L -7.745607e+01  5.320501e+01  2.568098e+02     13524   1
       162L  9.674351e+01  5.312196e+01  2.585328e+02     13608   1
       163L  1.166548e+02  5.310316e+01  2.607150e+02     13692   1
       164L  1.423863e+02  5.310136e+01  2.630857e+02     13776   1
       165L  3.772839e+01  5.309580e+01  2.653472e+02     13860   1
       166L  8.199396e+01  5.292934e+01  2.680720e+02     13944   1
       167L  2.170272e+02  5.290292e+01  2.706013e+02     14028   1
       168L -1.004492e+02  5.289377e+01  2.728822e+02     14112   1
       169L  1.505587e+02  5.287550e+01  2.752521e+02     14196   1
       170L -5.690603e+01  5.287514e+01  2.774526e+02     14280   1
       171L  2.630777e+02  5.285528e+01  2.799096e+02     14364   1
       172L -6.765652e+01  5.282389e+01  2.819269e+02     14448   1
       173L  6.856541e+01  5.281555e+01  2.842083e+02     14532   1
       174L -3.374565e+01  5.281236e+01  2.865939e+02     14616   1
       175L  3.190065e+01  5.279195e+01  2.891500e+02     14700   1
       176L  1.724815e+02  5.278160e+01  2.917177e+02     14784   1
       177L -4.887493e+01  5.277625e+01  2.940304e+02     14868   1
       178L  1.246125e+02  5.275626e+01  2.961767e+02     14952   1
       179L  7.184281e+01  5.271356e+01  2.986354e+02     15036   1
       180L  2.196051e+02  5.269299e+01  3.011162e+02     15120   1
       181L  4.014295e+02  5.268148e+01  3.036799e+02     15204   1
       182L  3.537867e+01  5.266248e+01  3.057777e+02     15288   1
       183L  1.594652e+02  5.264562e+01  3.082201e+02     15372   1
       184L  1.065886e+02  5.250053e+01  3.104120e+02     15456   1
       185L -2.087182e+02  5.240629e+01  3.124069e+02     15540   1
       186L  4.259124e+01  5.239098e+01  3.150018e+02     15624   1
       187L -1.607671e+02  5.234576e+01  3.177114e+02     15708   1
       188L  1.880513e+02  5.234108e+01  3.202144e+02     15792   1
       189L -3.994450e+01  5.230876e+01  3.224954e+02     15876   1
       190L  6.451259e+01  5.228707e+01  3.251105e+02     15960   1
       191L  4.475248e+01  5.228085e+01  3.275701e+02     16044   1
       192L  4.023328e+02  5.226417e+01  3.303110e+02     16128   1
       193L -1.802787e+02  5.221551e+01  3.324547e+02     16212   1
       194L  1.212402e+02  5.220059e+01  3.351053e+02     16296   1
       195L -5.096553e+01  5.211273e+01  3.380935e+02     16380   1
       196L  6.576329e+01  5.206546e+01  3.407536e+02     16464   1
       197L  3.329161e+01  5.205372e+01  3.430657e+02     16548   1
       198L  3.432991e+01  5.203877e+01  3.462322e+02     16632   1
       199L  2.347893e+02  5.203789e+01  3.492370e+02     16716   1
       200L  9.458949e+01  5.203034e+01  3.517785e+02     16800   1
       201L -1.082637e+02  5.187078e+01  3.543704e+02     16884   1
       202L  2.894615e+02  5.185849e+01  3.571693e+02     16968   1
       203L  3.970760e+02  5.185573e+01  3.602094e+02     17052   1
       204L -3.510633e+01  5.173063e+01  3.625799e+02     17136   1
       205L -1.615549e+00  5.171959e+01  3.653133e+02     17220   1
       206L  8.152534e+01  5.170742e+01  3.681090e+02     17304   1
       207L  2.615235e+01  5.170286e+01  3.705783e+02     17388   1
       208L  1.029811e+02  5.170286e+01  3.732930e+02     17472   1
       209L -5.651884e+01  5.165907e+01  3.759035e+02     17556   1
       210L  1.873287e+02  5.165771e+01  3.789363e+02     17640   1
       211L  1.097560e+02  5.157500e+01  3.819835e+02     17724   1
       212L  1.461756e+02  5.156860e+01  3.847463e+02     17808   1
       213L  1.216140e+02  5.155327e+01  3.875903e+02     17892   1
       214L  5.729539e+01  5.155178e+01  3.898623e+02     17976   1
       215L -2.685335e+02  5.155175e+01  3.926035e+02     18060   1
       216L  1.585715e+02  5.155069e+01  3.955792e+02     18144   1
       217L -1.226745e+02  5.153789e+01  3.983794e+02     18228   1
       218L -4.706363e+01  5.147063e+01  4.013310e+02     18312   1
       219L  6.751291e+01  5.143780e+01  4.041448e+02     18396   1
       220L -6.569843e+01  5.143270e+01  4.068983e+02     18480   1
       221L  4.220761e+01  5.143182e+01  4.098900e+02     18564   1
       222L  2.169541e+02  5.142975e+01  4.128046e+02     18648   1
       223L -9.933271e+01  5.136121e+01  4.155660e+02     18732   1
       224L  2.509446e+02  5.135239e+01  4.180287e+02     18816   1
       225L -5.240501e+02  5.134784e+01  4.209141e+02     18900   1
       226L  2.815667e+00  5.134256e+01  4.234495e+02     18984   1
       227L  1.312127e+02  5.126909e+01  4.265519e+02     19068   1
       228L  8.199403e+00  5.126619e+01  4.294028e+02     19152   1
       229L  2.018659e+02  5.122054e+01  4.317280e+02     19236   1
       230L -1.005500e+01  5.119298e+01  4.341102e+02     19320   1
       231L -1.051897e+02  5.118313e+01  4.367109e+02     19404   1
       232L -2.423564e+02  5.115876e+01  4.392800e+02     19488   1
       233L  2.268960e+01  5.114718e+01  4.420646e+02     19572   1
       234L -1.201565e+02  5.114159e+01  4.451566e+02     19656   1
       235L  1.046865e+02  5.112094e+01  4.479241e+02     19740   1
       236L  9.702599e+01  5.111983e+01  4.510813e+02     19824   1
       237L  1.058899e+01  5.109297e+01  4.537573e+02     19908   1
       238L  7.122448e+01  5.108879e+01  4.567209e+02     19992   1
       239L  1.367907e+02  5.106727e+01  4.600851e+02     20076   1
       240L -2.172460e+02  5.104939e+01  4.627169e+02     20160   1
       241L -3.261156e+02  5.104126e+01  4.654424e+02     20244   1
       242L  7.649577e+01  5.102803e+01  4.679529e+02     20328   1
       243L -1.359445e+02  5.095937e+01  4.711335e+02     20412   1
       244L  1.528439e+02  5.091695e+01  4.738686e+02     20496   1
       245L  1.572221e+02  5.091019e+01  4.770746e+02     20580   1
       246L  1.052430e+02  5.090037e+01  4.800461e+02     20664   1
       247L  1.619068e+02  5.085927e+01  4.831793e+02     20748   1
       248L  2.025222e+02  5.085137e+01  4.857333e+02     20832   1
       249L -6.593770e+01  5.085134e+01  4.882084e+02     20916   1
       250L  5.804322e+01  5.085120e+01  4.907799e+02     21000   1
       251L  8.190754e+01  5.083206e+01  4.932916e+02     21084   1
       252L  2.156238e+02  5.082100e+01  4.957865e+02     21168   1
       253L  5.838198e+01  5.081837e+01  4.990712e+02     21252   1
       254L  7.036936e+01  5.077757e+01  5.023472e+02     21336   1
       255L  6.453506e+01  5.077757e+01  5.049138e+02     21420   1
       256L  1.685967e+02  5.075595e+01  5.077575e+02     21504   1
       257L -1.373065e+02  5.075595e+01  5.103681e+02     21588   1
       258L  2.417035e+02  5.073097e+01  5.136951e+02     21672   1
       259L -3.283611e+02  5.073097e+01  5.167125e+02     21756   1
       260L -3.288481e+01  5.072753e+01  5.191665e+02     21840   1
       261L  2.548940e+01  5.072376e+01  5.216811e+02     21924   1
       262L -1.040934e+01  5.071401e+01  5.254378e+02     22008   1
       263L  4.269815e+01  5.069962e+01  5.286836e+02     22092   1
       264L  1.291842e+02  5.069356e+01  5.316860e+02     22176   1
       265L  1.831140e+02  5.059214e+01  5.346245e+02     22260   1
       266L  1.520000e+02  5.058549e+01  5.377050e+02     22344   1
       267L  9.896491e+01  5.058274e+01  5.403163e+02     22428   1
       268L -7.704528e+01  5.058241e+01  5.434929e+02     22512   1
       269L -1.617676e+01  5.058236e+01  5.466671e+02     22596   1
       270L  8.555937e+01  5.053684e+01  5.514728e+02     22680   1
       271L  4.498282e+01  5.053204e+01  5.555965e+02     22764   1
       272L  6.625093e+01  5.051151e+01  5.590986e+02     22848   1
       273L -1.474088e+02  5.050617e+01  5.630578e+02     22932   1
       274L  8.328844e+01  5.049725e+01  5.664107e+02     23016   1
       275L  2.983355e+01  5.049367e+01  5.692787e+02     23100   1
       276L  1.793475e+02  5.047886e+01  5.722305e+02     23184   1
       277L  1.123566e+02  5.047151e+01  5.758370e+02     23268   1
       278L -2.987097e+02  5.045768e+01  5.794454e+02     23352   1
       279L  1.707846e+02  5.045397e+01  5.829283e+02     23436   1
       280L -1.172355e+02  5.045313e+01  5.864470e+02     23520   1
       281L  7.515962e+01  5.045290e+01  5.893755e+02     23604   1
       282L  8.000000e+00  5.045254e+01  5.924238e+02     23688   1
       283L -1.110588e+01  5.044450e+01  5.979285e+02     23772   1
       284L  3.652845e+01  5.041798e+01  6.010073e+02     23856   1
       285L  2.958688e+01  5.041728e+01  6.044829e+02     23940   1
       286L -2.335476e+02  5.041130e+01  6.082008e+02     24024   1
       287L -3.269708e+01  5.040454e+01  6.110311e+02     24108   1
       288L  2.541260e+02  5.039211e+01  6.141973e+02     24192   1
       289L -8.147602e+01  5.039211e+01  6.170707e+02     24276   1
       290L  1.196380e+02  5.038883e+01  6.207912e+02     24360   1
       291L  2.714023e+01  5.038803e+01  6.248548e+02     24444   1
       292L -2.183922e+02  5.038160e+01  6.286375e+02     24528   1
       293L  1.086443e+02  5.036166e+01  6.321669e+02     24612   1
       294L  7.699947e+01  5.036149e+01  6.359932e+02     24696   1
       295L  6.871895e+01  5.035025e+01  6.395127e+02     24780   1
       296L  1.278241e+02  5.034346e+01  6.427852e+02     24864   1
       297L  1.051653e+02  5.032592e+01  6.468324e+02     24948   1
       298L  1.673339e+02  5.031646e+01  6.500540e+02     25032   1
       299L  5.398926e+01  5.028479e+01  6.539999e+02     25116   1
       300L  2.522146e+02  5.014569e+01  6.576519e+02     25200   1
-------------------------------------------------------------------
status         : iteration_limit
total time (s) : 6.576519e+02
total solves   : 25200
best bound     :  5.014569e+01
simulation ci  :  3.740299e+01 ± 1.732851e+01
numeric issues : 0
-------------------------------------------------------------------

────────────────────────────────────────────────────────────────────────────────────
                                           Time                    Allocations      
                                  ───────────────────────   ────────────────────────
        Tot / % measured:               658s / 100.0%           9.68GiB /  99.8%    

Section                   ncalls     time    %tot     avg     alloc    %tot      avg
────────────────────────────────────────────────────────────────────────────────────
backward_pass                300     590s   89.8%   1.97s   9.26GiB   95.9%  31.6MiB
  solve_subproblem         18.0k     589s   89.6%  32.7ms   9.02GiB   93.5%   526KiB
    get_dual_solution      18.0k     476s   72.4%  26.5ms   8.12GiB   84.1%   473KiB
  prepare_backward_pass    1.80k    299ms    0.0%   166μs   38.3MiB    0.4%  21.8KiB
calculate_bound              300    59.0s    9.0%   197ms    337MiB    3.4%  1.12MiB
  get_dual_solution        6.00k   2.82ms    0.0%   470ns    938KiB    0.0%     160B
forward_pass                 300    8.37s    1.3%  27.9ms   71.1MiB    0.7%   243KiB
  solve_subproblem         1.20k    8.35s    1.3%  6.96ms   62.8MiB    0.6%  53.6KiB
    get_dual_solution      1.20k    542μs    0.0%   451ns    188KiB    0.0%     160B
  sample_scenario            300   4.60ms    0.0%  15.3μs    796KiB    0.0%  2.65KiB
────────────────────────────────────────────────────────────────────────────────────

-------------------------------------------------------------------
         SDDP.jl (c) Oscar Dowson and contributors, 2017-25
-------------------------------------------------------------------
problem
  nodes           : 4
  state variables : 60
  scenarios       : 1.60000e+05
  existing cuts   : false
options
  solver          : serial mode
  risk measure    : SDDP.Expectation()
  sampling scheme : SDDP.InSampleMonteCarlo
subproblem structure
  VariableRef                             : [259, 259]
  AffExpr in MOI.EqualTo{Float64}         : [87, 87]
  AffExpr in MOI.GreaterThan{Float64}     : [57, 57]
  AffExpr in MOI.LessThan{Float64}        : [84, 84]
  VariableRef in MOI.GreaterThan{Float64} : [138, 139]
  VariableRef in MOI.Integer              : [84, 84]
  VariableRef in MOI.LessThan{Float64}    : [109, 109]
  VariableRef in MOI.ZeroOne              : [57, 57]
numerical stability report
  matrix range     [2e-08, 6e+00]
  objective range  [1e+00, 3e+01]
  bounds range     [6e+00, 9e+03]
  rhs range        [1e+00, 7e+00]
WARNING: numerical stability issues detected
  - matrix range contains small coefficients
Very large or small absolute values of coefficients
can cause numerical stability issues. Consider
reformulating the model.
-------------------------------------------------------------------
 iteration    simulation      bound        time (s)     solves  pid
-------------------------------------------------------------------
         1  -3.110257e+02  3.252974e+02  2.968650e-01        84   1
         2   4.382038e+01  2.526509e+02  3.841610e-01       168   1
         3S -3.886679e+02  1.862496e+02  7.219460e-01       252   1
         4L  8.058060e+01  1.405268e+02  1.667380e+00       336   1
         5   4.572705e+01  1.159780e+02  1.757838e+00       420   1
         6   1.260000e+02  1.091940e+02  1.862980e+00       504   1
         7  -4.303960e+01  1.069011e+02  1.980189e+00       588   1
         8   1.992475e+02  9.989432e+01  2.108686e+00       672   1
         9   1.201253e+02  9.387479e+01  2.197320e+00       756   1
        10   1.043232e+02  9.164159e+01  2.295455e+00       840   1
        11  -5.453600e+01  9.094025e+01  2.394943e+00       924   1
        12   1.596387e+02  9.010713e+01  2.504116e+00      1008   1
        13  -3.457601e+01  8.813893e+01  2.627878e+00      1092   1
        14  -1.179468e+02  8.474286e+01  2.761116e+00      1176   1
        15  -4.292892e+01  8.302178e+01  2.897865e+00      1260   1
        16   3.005611e+02  8.159209e+01  3.039144e+00      1344   1
        17  -1.196601e+01  8.125683e+01  3.188243e+00      1428   1
        18  -3.296908e+02  7.805745e+01  3.329314e+00      1512   1
        19   9.437252e+01  7.761068e+01  3.456994e+00      1596   1
        20  -1.481729e+02  7.535056e+01  3.601405e+00      1680   1
        21  -1.369328e+01  7.533352e+01  3.812341e+00      1764   1
        22  -1.826504e+01  7.364018e+01  3.937968e+00      1848   1
        23  -9.339361e+00  7.196843e+01  4.063182e+00      1932   1
        24   4.752674e+01  7.050452e+01  4.181486e+00      2016   1
        25   1.660845e+02  6.949469e+01  4.317345e+00      2100   1
        26   1.589847e+02  6.947419e+01  4.455736e+00      2184   1
        27  -3.758829e+01  6.882015e+01  4.604145e+00      2268   1
        28  -1.566870e+02  6.803766e+01  4.766326e+00      2352   1
        29  -4.216959e+01  6.797256e+01  4.933381e+00      2436   1
        30   2.166649e+02  6.787589e+01  5.096325e+00      2520   1
        31S  1.784445e+02  6.779410e+01  5.624598e+00      2604   1
        32S  1.874557e+02  6.721786e+01  6.268415e+00      2688   1
        33   5.078889e+01  6.660506e+01  6.439694e+00      2772   1
        34   3.956574e+01  6.632748e+01  6.908570e+00      2856   1
        35   1.294183e+02  6.584699e+01  7.090873e+00      2940   1
        36  -1.437490e+02  6.544847e+01  7.270257e+00      3024   1
        37S  2.073742e+02  6.525963e+01  7.794286e+00      3108   1
        38   1.347095e+02  6.485660e+01  7.966993e+00      3192   1
        39   1.058928e+02  6.480121e+01  8.144483e+00      3276   1
        40   2.900000e+02  6.420562e+01  8.319985e+00      3360   1
        41   1.938472e+02  6.408685e+01  8.503213e+00      3444   1
        42   8.705213e+01  6.393794e+01  8.683804e+00      3528   1
        43   1.600468e+02  6.376270e+01  8.877521e+00      3612   1
        44  -9.327452e+00  6.325541e+01  9.063116e+00      3696   1
        45  -1.954821e+01  6.287424e+01  9.253158e+00      3780   1
        46   1.974309e+02  6.254517e+01  9.432167e+00      3864   1
        47   1.802440e+02  6.226015e+01  9.618926e+00      3948   1
        48   9.349727e+00  6.215783e+01  9.813581e+00      4032   1
        49   1.776527e+02  6.200087e+01  1.001138e+01      4116   1
        50S  1.680000e+02  6.189775e+01  1.055200e+01      4200   1
        51  -1.679029e+02  6.187533e+01  1.075996e+01      4284   1
        52  -1.877451e+02  6.167161e+01  1.097999e+01      4368   1
        53   1.926330e+02  6.148129e+01  1.119464e+01      4452   1
        54  -2.232530e+02  6.109883e+01  1.140662e+01      4536   1
        55  -6.789518e+01  6.092421e+01  1.161862e+01      4620   1
        56   2.422601e+01  6.078692e+01  1.183186e+01      4704   1
        57  -1.767126e+02  6.066733e+01  1.204853e+01      4788   1
        58   3.466688e+02  6.066008e+01  1.226178e+01      4872   1
        59  -1.574192e+02  6.042749e+01  1.249233e+01      4956   1
        60   4.591634e+01  6.027842e+01  1.272343e+01      5040   1
        61  -2.420176e+02  6.018575e+01  1.295589e+01      5124   1
        62  -1.346785e+02  6.007685e+01  1.318443e+01      5208   1
        63   2.110299e+02  5.988168e+01  1.341500e+01      5292   1
        64S -9.372244e+00  5.979273e+01  1.409931e+01      5376   1
        65   1.117881e+02  5.962771e+01  1.432303e+01      5460   1
        66  -1.767126e+02  5.933795e+01  1.455041e+01      5544   1
        67  -2.206849e+02  5.930921e+01  1.479007e+01      5628   1
        68   1.076379e+02  5.884366e+01  1.502708e+01      5712   1
        69   1.148118e+02  5.880500e+01  1.526255e+01      5796   1
        70   3.135102e+01  5.880342e+01  1.549226e+01      5880   1
        71   2.171540e+02  5.872216e+01  1.573309e+01      5964   1
        72  -3.376392e+01  5.869641e+01  1.595703e+01      6048   1
        73   2.246513e+02  5.848611e+01  1.618017e+01      6132   1
        74   7.976775e+01  5.843860e+01  1.639737e+01      6216   1
        75   2.112217e+02  5.818817e+01  1.663101e+01      6300   1
        76S  3.279618e+02  5.815328e+01  1.732148e+01      6384   1
        77   6.779134e+01  5.807166e+01  1.760904e+01      6468   1
        78   1.276819e+02  5.788447e+01  1.782874e+01      6552   1
        79   2.119383e+02  5.783837e+01  1.804357e+01      6636   1
        80   4.624233e+01  5.779292e+01  1.826208e+01      6720   1
        81   1.023602e+02  5.765552e+01  1.849054e+01      6804   1
        82   3.839494e+01  5.736047e+01  1.872813e+01      6888   1
        83   4.045885e+01  5.734327e+01  1.896697e+01      6972   1
        84   6.481467e+01  5.723921e+01  1.918548e+01      7056   1
        85   1.191575e+01  5.675646e+01  1.938713e+01      7140   1
        86  -7.402086e+01  5.661284e+01  1.959168e+01      7224   1
        87   8.575684e+01  5.654170e+01  1.979528e+01      7308   1
        88  -6.747695e+01  5.644971e+01  2.000669e+01      7392   1
        89  -1.347838e+02  5.641054e+01  2.019434e+01      7476   1
        90  -7.636323e+01  5.638972e+01  2.038355e+01      7560   1
        91   1.790561e+02  5.627935e+01  2.056560e+01      7644   1
        92  -1.392034e+01  5.627591e+01  2.075486e+01      7728   1
        93S -8.081436e+01  5.619584e+01  2.142142e+01      7812   1
        94   4.692499e+01  5.599538e+01  2.162855e+01      7896   1
        95   2.689789e+02  5.583387e+01  2.184638e+01      7980   1
        96   7.241254e+01  5.577624e+01  2.205905e+01      8064   1
        97   7.480356e+01  5.576111e+01  2.226210e+01      8148   1
        98  -1.563238e+02  5.569057e+01  2.248851e+01      8232   1
        99   2.123918e+01  5.566326e+01  2.272561e+01      8316   1
       100   2.364821e+02  5.557445e+01  2.295495e+01      8400   1
       101   1.279086e+02  5.556622e+01  2.318757e+01      8484   1
       102   1.648233e+02  5.534274e+01  2.342116e+01      8568   1
       103   1.159044e+02  5.527749e+01  2.364246e+01      8652   1
       104S  7.130051e+01  5.524729e+01  2.449055e+01      8736   1
       105  -1.640006e+02  5.507062e+01  2.472376e+01      8820   1
       106   9.676452e+01  5.503936e+01  2.493941e+01      8904   1
       107   3.000000e+02  5.492140e+01  2.517466e+01      8988   1
       108  -6.960734e+01  5.485127e+01  2.539466e+01      9072   1
       109   1.783458e+01  5.484152e+01  2.561988e+01      9156   1
       110  -5.221810e+01  5.478059e+01  2.584572e+01      9240   1
       111  -1.847050e+01  5.476068e+01  2.608931e+01      9324   1
       112  -4.234905e+01  5.471906e+01  2.633446e+01      9408   1
       113   9.780240e+01  5.465009e+01  2.658630e+01      9492   1
       114   5.240494e+01  5.462844e+01  2.685315e+01      9576   1
       115   1.549987e+02  5.455309e+01  2.709561e+01      9660   1
       116  -2.699485e+01  5.454308e+01  2.733627e+01      9744   1
       117  -8.358797e+01  5.441008e+01  2.758781e+01      9828   1
       118   2.104908e+02  5.438162e+01  2.784759e+01      9912   1
       119  -1.180661e+02  5.436703e+01  2.810644e+01      9996   1
       120  -3.517292e+01  5.429997e+01  2.836148e+01     10080   1
       121   2.912747e+02  5.424931e+01  2.862348e+01     10164   1
       122  -7.887493e+01  5.419375e+01  2.886925e+01     10248   1
       123S -7.203443e+01  5.415960e+01  2.986367e+01     10332   1
       124  -2.782110e+00  5.398353e+01  3.009464e+01     10416   1
       125   2.017412e+02  5.398353e+01  3.032649e+01     10500   1
       126S  1.861060e+02  5.397988e+01  3.128262e+01     10584   1
       127   7.167537e+01  5.394127e+01  3.152603e+01     10668   1
       128   7.014842e+01  5.391056e+01  3.176889e+01     10752   1
       129  -1.610012e+02  5.379173e+01  3.201797e+01     10836   1
       130  -1.054274e+02  5.376497e+01  3.225446e+01     10920   1
       131  -3.942457e+02  5.370299e+01  3.250334e+01     11004   1
       132  -4.287012e+01  5.365191e+01  3.274138e+01     11088   1
       133   1.954603e+02  5.364020e+01  3.298587e+01     11172   1
       134   1.462757e+02  5.363810e+01  3.323444e+01     11256   1
       135  -2.211000e+02  5.358274e+01  3.348276e+01     11340   1
       136   1.877492e+02  5.355611e+01  3.374108e+01     11424   1
       137   3.006474e+02  5.353381e+01  3.399966e+01     11508   1
       138  -1.589302e+02  5.352745e+01  3.426552e+01     11592   1
       139   1.242431e+02  5.351974e+01  3.451415e+01     11676   1
       140   2.310352e+01  5.350416e+01  3.476441e+01     11760   1
       141  -1.937543e+02  5.348079e+01  3.501389e+01     11844   1
       142S  2.182832e+02  5.343327e+01  3.599948e+01     11928   1
       143   3.209703e+02  5.340712e+01  3.624685e+01     12012   1
       144   4.366618e+01  5.333007e+01  3.650261e+01     12096   1
       145   1.310661e+02  5.331885e+01  3.676020e+01     12180   1
       146   9.605372e+01  5.329184e+01  3.701055e+01     12264   1
       147  -1.035719e+02  5.327385e+01  3.726403e+01     12348   1
       148   4.494827e+01  5.327254e+01  3.750902e+01     12432   1
       149   2.319452e+02  5.323936e+01  3.777066e+01     12516   1
       150  -1.851577e+01  5.320248e+01  3.803507e+01     12600   1
       151  -1.928894e+02  5.315323e+01  3.828865e+01     12684   1
       152S  1.501484e+02  5.315950e+01  3.938667e+01     12768   1
       153   1.018888e+02  5.317852e+01  3.965525e+01     12852   1
       154  -1.794776e+01  5.313482e+01  3.992383e+01     12936   1
       155   1.688052e+01  5.310534e+01  4.017715e+01     13020   1
       156   1.538779e+02  5.303270e+01  4.045481e+01     13104   1
       157  -2.775657e+02  5.300520e+01  4.072550e+01     13188   1
       158   1.994235e+02  5.296612e+01  4.097878e+01     13272   1
       159   2.573126e+02  5.295341e+01  4.124317e+01     13356   1
       160  -2.754983e+01  5.295019e+01  4.151849e+01     13440   1
       161  -3.403001e+02  5.294788e+01  4.178741e+01     13524   1
       162   3.548854e+02  5.294732e+01  4.205242e+01     13608   1
       163   1.978316e+02  5.293308e+01  4.230832e+01     13692   1
       164S  2.829493e+02  5.291209e+01  4.338940e+01     13776   1
       165  -8.403206e+01  5.290277e+01  4.364685e+01     13860   1
       166   1.016301e+02  5.289908e+01  4.391100e+01     13944   1
       167  -6.871479e+01  5.283677e+01  4.416632e+01     14028   1
       168  -5.693631e+01  5.281628e+01  4.445248e+01     14112   1
       169  -2.732399e+02  5.279662e+01  4.471775e+01     14196   1
       170   2.585657e+02  5.278524e+01  4.497629e+01     14280   1
       171  -2.847610e+02  5.271293e+01  4.524357e+01     14364   1
       172  -1.709981e+02  5.267604e+01  4.552045e+01     14448   1
       173   9.160295e+01  5.267105e+01  4.578189e+01     14532   1
       174   3.316276e+02  5.265287e+01  4.606438e+01     14616   1
       175  -1.281985e+02  5.264470e+01  4.633665e+01     14700   1
       176  -1.087109e+02  5.263466e+01  4.659626e+01     14784   1
       177  -1.950842e+02  5.250183e+01  4.687429e+01     14868   1
       178  -2.386947e+02  5.249845e+01  4.713587e+01     14952   1
       179   2.357226e+02  5.243177e+01  4.741771e+01     15036   1
       180  -2.674647e+02  5.242352e+01  4.768188e+01     15120   1
       181   7.144502e+01  5.242118e+01  4.796358e+01     15204   1
       182   3.337000e+02  5.236583e+01  4.824147e+01     15288   1
       183   1.059786e+02  5.235504e+01  4.853754e+01     15372   1
       184S  1.156888e+02  5.230388e+01  4.986024e+01     15456   1
       185  -2.231190e+02  5.229996e+01  5.016123e+01     15540   1
       186  -1.181939e+02  5.229735e+01  5.046128e+01     15624   1
       187  -1.427126e+02  5.223952e+01  5.079370e+01     15708   1
       188   1.515253e+02  5.222922e+01  5.108705e+01     15792   1
       189   1.215427e+02  5.220626e+01  5.141037e+01     15876   1
       190   9.725051e+01  5.219919e+01  5.173154e+01     15960   1
       191   1.342259e+02  5.219848e+01  5.203267e+01     16044   1
       192  -1.961449e+01  5.218120e+01  5.234715e+01     16128   1
       193  -1.003930e+02  5.215519e+01  5.266794e+01     16212   1
       194   1.415346e+02  5.213864e+01  5.296531e+01     16296   1
       195   3.080000e+02  5.209509e+01  5.356493e+01     16380   1
       196  -1.396990e+02  5.208943e+01  5.385918e+01     16464   1
       197   2.000944e+02  5.207824e+01  5.416250e+01     16548   1
       198   6.101753e+01  5.207071e+01  5.450000e+01     16632   1
       199S  2.319489e+02  5.200104e+01  5.569133e+01     16716   1
       200   1.014728e+02  5.198888e+01  5.601257e+01     16800   1
       201   1.706313e+02  5.198888e+01  5.633053e+01     16884   1
       202S -2.449995e+01  5.196585e+01  5.739304e+01     16968   1
       203   7.393538e+01  5.195383e+01  5.770657e+01     17052   1
       204   4.625102e+01  5.191343e+01  5.801195e+01     17136   1
       205   5.358137e+01  5.187445e+01  5.832136e+01     17220   1
       206   4.598621e+01  5.187005e+01  5.863823e+01     17304   1
       207   4.255817e+01  5.184311e+01  5.898243e+01     17388   1
       208  -7.045715e+01  5.183220e+01  5.929678e+01     17472   1
       209   2.776137e+01  5.182279e+01  5.959963e+01     17556   1
       210   1.032748e+02  5.177983e+01  5.988577e+01     17640   1
       211  -1.128569e+02  5.176890e+01  6.017492e+01     17724   1
       212  -4.979593e+01  5.174699e+01  6.046063e+01     17808   1
       213  -8.012277e+01  5.174593e+01  6.075430e+01     17892   1
       214   1.695164e+02  5.171954e+01  6.107665e+01     17976   1
       215S  1.139821e+02  5.171804e+01  6.235196e+01     18060   1
       216  -7.238753e+01  5.170397e+01  6.265819e+01     18144   1
       217   9.559534e+01  5.168740e+01  6.295838e+01     18228   1
       218  -1.405780e+02  5.166997e+01  6.327037e+01     18312   1
       219   1.206136e+02  5.164396e+01  6.356897e+01     18396   1
       220  -1.332451e+02  5.164040e+01  6.386327e+01     18480   1
       221   3.749391e+01  5.162932e+01  6.415189e+01     18564   1
       222   8.526897e+00  5.162574e+01  6.446044e+01     18648   1
       223   1.813247e+02  5.160351e+01  6.474608e+01     18732   1
       224   9.728578e+01  5.153989e+01  6.503697e+01     18816   1
       225   4.083252e+01  5.152292e+01  6.533391e+01     18900   1
       226   1.052882e+02  5.152234e+01  6.565273e+01     18984   1
       227  -1.281978e+02  5.151872e+01  6.595735e+01     19068   1
       228  -1.028657e+02  5.150652e+01  6.626134e+01     19152   1
       229   2.668762e+02  5.149605e+01  6.653806e+01     19236   1
       230  -6.638112e+01  5.147924e+01  6.682068e+01     19320   1
       231   6.723235e+01  5.142882e+01  6.720340e+01     19404   1
       232S -1.520514e+02  5.137760e+01  6.879775e+01     19488   1
       233   4.880978e+00  5.137264e+01  6.910635e+01     19572   1
       234  -1.630935e+00  5.136798e+01  6.940808e+01     19656   1
       235  -9.447926e+00  5.136798e+01  6.971415e+01     19740   1
       236S -5.487191e+00  5.136384e+01  7.128542e+01     19824   1
       237   2.358850e+02  5.135620e+01  7.158906e+01     19908   1
       238   3.531285e+02  5.134815e+01  7.191783e+01     19992   1
       239   7.180640e+01  5.129842e+01  7.223833e+01     20076   1
       240  -4.603873e+01  5.129306e+01  7.255370e+01     20160   1
       241   1.949716e+02  5.128979e+01  7.289196e+01     20244   1
       242   1.740473e+01  5.128859e+01  7.320662e+01     20328   1
       243   2.555180e+02  5.127522e+01  7.351262e+01     20412   1
       244   9.859721e+00  5.124765e+01  7.379994e+01     20496   1
       245  -1.914210e+02  5.124420e+01  7.409866e+01     20580   1
       246  -3.399572e+01  5.115194e+01  7.440237e+01     20664   1
       247   4.367902e+01  5.111810e+01  7.469431e+01     20748   1
       248   2.180600e+02  5.110779e+01  7.497116e+01     20832   1
       249  -1.411991e+02  5.110435e+01  7.527021e+01     20916   1
       250   2.841599e+01  5.110290e+01  7.555632e+01     21000   1
       251   1.595894e+02  5.109987e+01  7.583659e+01     21084   1
       252   9.531990e+01  5.109491e+01  7.611285e+01     21168   1
       253   2.435549e+02  5.104993e+01  7.641953e+01     21252   1
       254  -5.214732e+01  5.104993e+01  7.672443e+01     21336   1
       255S  3.051281e+01  5.104700e+01  7.810623e+01     21420   1
       256   1.747442e+01  5.100015e+01  7.841682e+01     21504   1
       257   4.744668e+01  5.096879e+01  7.870727e+01     21588   1
       258   1.137150e+02  5.095912e+01  7.900567e+01     21672   1
       259   2.325451e+02  5.093437e+01  7.932722e+01     21756   1
       260   1.019077e+01  5.090072e+01  7.962468e+01     21840   1
       261S -1.540550e+01  5.087618e+01  8.129632e+01     21924   1
       262  -2.348908e+01  5.085907e+01  8.160955e+01     22008   1
       263  -2.637363e+02  5.085867e+01  8.192750e+01     22092   1
       264   2.340903e+02  5.083681e+01  8.223717e+01     22176   1
       265   1.495325e+01  5.081796e+01  8.251326e+01     22260   1
       266   1.217865e+02  5.081417e+01  8.279168e+01     22344   1
       267   1.589323e+02  5.074386e+01  8.305536e+01     22428   1
       268   7.046525e+00  5.072192e+01  8.332328e+01     22512   1
       269   1.945805e+02  5.071705e+01  8.359834e+01     22596   1
       270  -2.567155e+02  5.070643e+01  8.392868e+01     22680   1
       271  -1.520651e+02  5.069627e+01  8.423700e+01     22764   1
       272   1.646962e+01  5.065767e+01  8.454131e+01     22848   1
       273  -3.326671e+02  5.065767e+01  8.486736e+01     22932   1
       274S -2.059254e+02  5.065673e+01  8.617018e+01     23016   1
       275   1.915743e+02  5.065478e+01  8.648976e+01     23100   1
       276   1.093048e+02  5.065320e+01  8.681259e+01     23184   1
       277   6.380746e+01  5.064565e+01  8.710986e+01     23268   1
       278   6.558903e+01  5.063459e+01  8.742529e+01     23352   1
       279   8.529200e+01  5.062378e+01  8.773891e+01     23436   1
       280   5.251604e+01  5.062378e+01  8.807196e+01     23520   1
       281S  2.827491e+02  5.060111e+01  9.051759e+01     23604   1
       282   1.755045e+02  5.058009e+01  9.103398e+01     23688   1
       283  -1.100540e+02  5.056764e+01  9.154363e+01     23772   1
       284   1.474410e+00  5.056670e+01  9.189059e+01     23856   1
       285   1.805128e+02  5.056670e+01  9.219239e+01     23940   1
       286S  1.575721e+02  5.056327e+01  9.403015e+01     24024   1
       287  -1.894107e+02  5.052187e+01  9.435522e+01     24108   1
       288   1.458211e+02  5.051941e+01  9.465307e+01     24192   1
       289   1.740842e+02  5.051941e+01  9.496221e+01     24276   1
       290S  1.198674e+02  5.050905e+01  9.648069e+01     24360   1
       291   2.132648e+02  5.050109e+01  9.680780e+01     24444   1
       292   5.742797e+01  5.049970e+01  9.713691e+01     24528   1
       293   1.904731e+02  5.049640e+01  9.744783e+01     24612   1
       294  -1.457074e+02  5.048632e+01  9.773797e+01     24696   1
       295   5.064481e+01  5.048032e+01  9.807616e+01     24780   1
       296   2.229711e+02  5.047766e+01  9.838536e+01     24864   1
       297  -1.357202e+02  5.045397e+01  9.870881e+01     24948   1
       298   1.917611e+02  5.045096e+01  9.901634e+01     25032   1
       299   1.554205e+01  5.045096e+01  9.932160e+01     25116   1
       300S  1.670075e+02  5.043689e+01  1.009251e+02     25200   1
-------------------------------------------------------------------
status         : iteration_limit
total time (s) : 1.009251e+02
total solves   : 25200
best bound     :  5.043689e+01
simulation ci  :  4.001538e+01 ± 1.724321e+01
numeric issues : 0
-------------------------------------------------------------------

────────────────────────────────────────────────────────────────────────────────────
                                           Time                    Allocations      
                                  ───────────────────────   ────────────────────────
        Tot / % measured:               101s /  99.9%           2.33GiB /  99.0%    

Section                   ncalls     time    %tot     avg     alloc    %tot      avg
────────────────────────────────────────────────────────────────────────────────────
calculate_bound              300    58.5s   58.0%   195ms    331MiB   14.0%  1.10MiB
  get_dual_solution        6.00k   2.59ms    0.0%   432ns    938KiB    0.0%     160B
backward_pass                300    33.2s   32.9%   111ms   1.91GiB   82.9%  6.52MiB
  solve_subproblem         18.0k    32.3s   32.0%  1.79ms   1.71GiB   74.2%   100KiB
    get_dual_solution      18.0k    13.7s   13.6%   760μs    878MiB   37.2%  49.9KiB
  prepare_backward_pass    1.80k    472ms    0.5%   262μs    172MiB    7.3%  98.0KiB
forward_pass                 300    9.16s    9.1%  30.5ms   71.2MiB    3.0%   243KiB
  solve_subproblem         1.20k    9.14s    9.1%  7.62ms   62.9MiB    2.7%  53.7KiB
    get_dual_solution      1.20k    516μs    0.0%   430ns    188KiB    0.0%     160B
  sample_scenario            300   4.26ms    0.0%  14.2μs    794KiB    0.0%  2.65KiB
────────────────────────────────────────────────────────────────────────────────────

-------------------------------------------------------------------
         SDDP.jl (c) Oscar Dowson and contributors, 2017-25
-------------------------------------------------------------------
problem
  nodes           : 4
  state variables : 165
  scenarios       : 1.60000e+05
  existing cuts   : false
options
  solver          : serial mode
  risk measure    : SDDP.Expectation()
  sampling scheme : SDDP.InSampleMonteCarlo
subproblem structure
  VariableRef                             : [469, 469]
  AffExpr in MOI.EqualTo{Float64}         : [87, 87]
  AffExpr in MOI.GreaterThan{Float64}     : [57, 57]
  AffExpr in MOI.LessThan{Float64}        : [84, 84]
  VariableRef in MOI.GreaterThan{Float64} : [90, 91]
  VariableRef in MOI.Integer              : [36, 36]
  VariableRef in MOI.LessThan{Float64}    : [61, 61]
  VariableRef in MOI.ZeroOne              : [210, 210]
numerical stability report
  matrix range     [2e-08, 8e+00]
  objective range  [1e+00, 3e+01]
  bounds range     [6e+00, 9e+03]
  rhs range        [1e+00, 7e+00]
WARNING: numerical stability issues detected
  - matrix range contains small coefficients
Very large or small absolute values of coefficients
can cause numerical stability issues. Consider
reformulating the model.
-------------------------------------------------------------------
 iteration    simulation      bound        time (s)     solves  pid
-------------------------------------------------------------------
         1  -3.235131e+01  3.127353e+02  7.495499e-02        84   1
         2  -6.726389e+01  2.223458e+02  1.694570e-01       168   1
         3  -1.624015e+02  1.664011e+02  2.696130e-01       252   1
         4  -2.356416e+02  1.254688e+02  3.851829e-01       336   1
         5   2.342264e+01  1.050268e+02  4.887440e-01       420   1
         6   2.335503e+01  1.017596e+02  6.171079e-01       504   1
         7  -6.523841e+01  1.016708e+02  7.673531e-01       588   1
         8   1.631475e+02  1.013989e+02  9.047599e-01       672   1
         9   1.660099e+02  9.848457e+01  1.039795e+00       756   1
        10  -1.903381e+02  8.948584e+01  1.177384e+00       840   1
        11   1.255194e+02  8.524415e+01  1.308137e+00       924   1
        12   2.073536e+02  8.455050e+01  1.431043e+00      1008   1
        13   3.449370e+02  7.923843e+01  1.580204e+00      1092   1
        14  -1.632722e+01  7.879693e+01  1.731936e+00      1176   1
        15   2.072987e+02  7.608704e+01  1.877016e+00      1260   1
        16  -9.589812e+01  7.368747e+01  2.029588e+00      1344   1
        17   1.266235e+01  7.234672e+01  2.169147e+00      1428   1
        18   7.059754e+01  7.180059e+01  2.306862e+00      1512   1
        19   2.772737e+02  7.062868e+01  2.456749e+00      1596   1
        20   1.776948e+02  6.996878e+01  2.593852e+00      1680   1
        21  -3.115045e+01  6.858364e+01  2.734085e+00      1764   1
        22  -8.466473e+01  6.774017e+01  2.913929e+00      1848   1
        23   8.496714e+01  6.742507e+01  3.089230e+00      1932   1
        24  -2.533322e+02  6.706114e+01  3.275764e+00      2016   1
        25   9.841390e+01  6.639305e+01  3.462858e+00      2100   1
        26   1.507489e+02  6.625785e+01  3.647517e+00      2184   1
        27  -2.318035e+01  6.561261e+01  3.819829e+00      2268   1
        28   3.243607e+02  6.529228e+01  4.015718e+00      2352   1
        29  -7.390069e+01  6.497984e+01  4.217419e+00      2436   1
        30  -1.972084e+01  6.496150e+01  4.421112e+00      2520   1
        31   1.025639e+02  6.509804e+01  4.610219e+00      2604   1
        32   1.781264e+02  6.508089e+01  4.793941e+00      2688   1
        33  -2.848334e+02  6.489011e+01  4.977419e+00      2772   1
        34  -4.139466e+01  6.432029e+01  5.182605e+00      2856   1
        35   2.152266e+02  6.384089e+01  5.395029e+00      2940   1
        36   1.951086e+02  6.357137e+01  5.612746e+00      3024   1
        37   2.189039e+02  6.348287e+01  5.825099e+00      3108   1
        38   7.580789e+01  6.320631e+01  6.047142e+00      3192   1
        39  -1.432535e+02  6.295206e+01  6.228702e+00      3276   1
        40   5.575646e+01  6.276299e+01  6.425285e+00      3360   1
        41   1.784879e+02  6.253950e+01  6.645171e+00      3444   1
        42  -4.522034e+01  6.239409e+01  6.855669e+00      3528   1
        43   1.484007e+01  6.196861e+01  7.069217e+00      3612   1
        44   3.616925e+01  6.163198e+01  7.279172e+00      3696   1
        45  -1.213329e+02  6.152286e+01  7.493889e+00      3780   1
        46  -5.101621e+01  6.114508e+01  7.711371e+00      3864   1
        47  -1.284274e+02  6.101926e+01  7.952028e+00      3948   1
        48  -2.540200e+00  6.098153e+01  8.169172e+00      4032   1
        49   6.000000e+01  6.080252e+01  8.385778e+00      4116   1
        50   1.866717e+02  6.067973e+01  8.611033e+00      4200   1
        51   1.340000e+02  5.993410e+01  8.860559e+00      4284   1
        52   8.903997e+01  5.990794e+01  9.108232e+00      4368   1
        53   3.160522e+02  5.984928e+01  9.388320e+00      4452   1
        54  -1.319059e+02  5.972609e+01  9.662364e+00      4536   1
        55   2.959791e+02  5.962959e+01  9.920997e+00      4620   1
        56  -8.557087e+01  5.929972e+01  1.018400e+01      4704   1
        57   1.170837e+02  5.921537e+01  1.044241e+01      4788   1
        58  -1.452797e+01  5.906249e+01  1.067597e+01      4872   1
        59   3.631319e+01  5.893649e+01  1.092601e+01      4956   1
        60   3.422591e+01  5.892329e+01  1.118145e+01      5040   1
        61  -9.778152e+01  5.889259e+01  1.144161e+01      5124   1
        62   8.394528e+01  5.884080e+01  1.175822e+01      5208   1
        63  -2.561651e+02  5.871307e+01  1.201657e+01      5292   1
        64   2.107246e+02  5.868004e+01  1.228496e+01      5376   1
        65   1.979505e+02  5.867469e+01  1.253238e+01      5460   1
        66  -4.471309e+01  5.858578e+01  1.279110e+01      5544   1
        67  -9.797581e+01  5.856386e+01  1.301779e+01      5628   1
        68   1.264125e+02  5.833102e+01  1.323624e+01      5712   1
        69   2.190541e+02  5.832597e+01  1.345561e+01      5796   1
        70   3.083880e+01  5.825785e+01  1.367448e+01      5880   1
        71  -1.123595e+02  5.821057e+01  1.392429e+01      5964   1
        72   2.272355e+02  5.796088e+01  1.419353e+01      6048   1
        73  -1.500093e+02  5.791905e+01  1.444349e+01      6132   1
        74   3.918750e+01  5.790461e+01  1.467249e+01      6216   1
        75   7.161150e+01  5.787145e+01  1.491741e+01      6300   1
        76   1.621624e+02  5.786778e+01  1.515267e+01      6384   1
        77   1.555869e+02  5.771129e+01  1.537106e+01      6468   1
        78  -2.402883e+01  5.767585e+01  1.559872e+01      6552   1
        79   8.041212e+01  5.756892e+01  1.583168e+01      6636   1
        80  -1.913982e+02  5.735020e+01  1.605530e+01      6720   1
        81   1.726059e+02  5.715518e+01  1.628809e+01      6804   1
        82   4.231414e+02  5.678887e+01  1.652262e+01      6888   1
        83  -2.846748e+01  5.663832e+01  1.674881e+01      6972   1
        84   3.434237e+01  5.642477e+01  1.697990e+01      7056   1
        85  -3.581218e+02  5.639009e+01  1.720781e+01      7140   1
        86  -5.729527e+01  5.626908e+01  1.745598e+01      7224   1
        87   2.397355e+02  5.610010e+01  1.771626e+01      7308   1
        88  -1.597989e+02  5.607465e+01  1.798136e+01      7392   1
        89  -5.255008e+01  5.572569e+01  1.825347e+01      7476   1
        90   1.014842e+01  5.569356e+01  1.852112e+01      7560   1
        91   1.304219e+02  5.565068e+01  1.881179e+01      7644   1
        92   8.324369e+01  5.552945e+01  1.908963e+01      7728   1
        93  -1.812814e+01  5.550214e+01  1.937473e+01      7812   1
        94   4.949232e+01  5.543817e+01  1.963693e+01      7896   1
        95   4.300000e+02  5.538240e+01  1.992354e+01      7980   1
        96  -1.937706e+02  5.537393e+01  2.020734e+01      8064   1
        97   6.645038e+00  5.531211e+01  2.047767e+01      8148   1
        98  -1.510195e+02  5.523112e+01  2.073920e+01      8232   1
        99   1.546813e+02  5.519250e+01  2.112244e+01      8316   1
       100   1.664518e+02  5.501789e+01  2.139114e+01      8400   1
       101   8.250114e+01  5.492788e+01  2.170450e+01      8484   1
       102  -1.040439e+02  5.486477e+01  2.197449e+01      8568   1
       103   3.611520e+00  5.478621e+01  2.227475e+01      8652   1
       104  -1.214379e+02  5.478253e+01  2.256787e+01      8736   1
       105   1.109859e+02  5.473264e+01  2.284017e+01      8820   1
       106   1.884170e+02  5.458442e+01  2.312822e+01      8904   1
       107   2.708016e+02  5.447654e+01  2.341060e+01      8988   1
       108  -1.347131e+02  5.416842e+01  2.368070e+01      9072   1
       109   9.416961e+01  5.414025e+01  2.398980e+01      9156   1
       110  -6.739887e+01  5.419713e+01  2.429435e+01      9240   1
       111  -1.037506e+01  5.414677e+01  2.457808e+01      9324   1
       112  -1.050150e+02  5.398316e+01  2.486423e+01      9408   1
       113   5.422591e+01  5.390894e+01  2.516658e+01      9492   1
       114   1.418064e+02  5.390761e+01  2.543358e+01      9576   1
       115   8.346028e+00  5.379463e+01  2.570289e+01      9660   1
       116   5.617073e+01  5.375797e+01  2.597190e+01      9744   1
       117  -1.774326e+02  5.360616e+01  2.626143e+01      9828   1
       118   2.880000e+02  5.358520e+01  2.653888e+01      9912   1
       119  -2.879202e+02  5.358196e+01  2.681950e+01      9996   1
       120   8.066146e+01  5.356777e+01  2.708720e+01     10080   1
       121   3.836691e+01  5.355431e+01  2.737177e+01     10164   1
       122   1.643726e+02  5.353331e+01  2.764728e+01     10248   1
       123   2.735583e+02  5.365345e+01  2.794380e+01     10332   1
       124  -1.083751e+02  5.364946e+01  2.822786e+01     10416   1
       125   1.999518e+02  5.364912e+01  2.855218e+01     10500   1
       126   1.129236e+02  5.341748e+01  2.888851e+01     10584   1
       127   1.793307e+02  5.335044e+01  2.920908e+01     10668   1
       128  -3.003826e+01  5.331804e+01  2.953106e+01     10752   1
       129   1.064949e+02  5.329256e+01  2.985837e+01     10836   1
       130   2.270375e+02  5.312507e+01  3.016447e+01     10920   1
       131   1.009964e+02  5.300788e+01  3.048258e+01     11004   1
       132   1.094436e+02  5.294006e+01  3.081906e+01     11088   1
       133  -9.070908e+01  5.292521e+01  3.113505e+01     11172   1
       134   2.347893e+02  5.290039e+01  3.145168e+01     11256   1
       135   4.551086e+01  5.287540e+01  3.174690e+01     11340   1
       136   1.157029e+02  5.286984e+01  3.204793e+01     11424   1
       137  -2.548763e+02  5.284619e+01  3.234890e+01     11508   1
       138  -3.779619e+01  5.282603e+01  3.265873e+01     11592   1
       139  -2.250090e+02  5.280196e+01  3.296625e+01     11676   1
       140   5.101620e+01  5.276818e+01  3.327147e+01     11760   1
       141   3.014175e+01  5.273237e+01  3.357560e+01     11844   1
       142  -2.721008e+02  5.273237e+01  3.389148e+01     11928   1
       143  -2.231223e+02  5.272936e+01  3.423489e+01     12012   1
       144   2.092254e+01  5.272588e+01  3.459167e+01     12096   1
       145  -3.167026e+02  5.269354e+01  3.492590e+01     12180   1
       146   2.840000e+02  5.267981e+01  3.527028e+01     12264   1
       147   9.091278e+01  5.267324e+01  3.588710e+01     12348   1
       148   1.369062e+02  5.265525e+01  3.628936e+01     12432   1
       149  -5.591712e+01  5.264355e+01  3.662291e+01     12516   1
       150   8.474878e+01  5.263602e+01  3.695533e+01     12600   1
       151   9.643682e+01  5.258762e+01  3.727364e+01     12684   1
       152   1.637887e+02  5.257131e+01  3.780084e+01     12768   1
       153   1.957353e+02  5.250289e+01  3.813502e+01     12852   1
       154   1.757395e+02  5.248529e+01  3.845413e+01     12936   1
       155   8.153456e+01  5.245947e+01  3.893834e+01     13020   1
       156   3.595727e+01  5.244681e+01  3.924896e+01     13104   1
       157  -2.797356e+00  5.244151e+01  3.959978e+01     13188   1
       158  -1.449740e+01  5.240947e+01  4.002799e+01     13272   1
       159  -4.260844e+02  5.240764e+01  4.036821e+01     13356   1
       160  -2.100956e+02  5.233507e+01  4.070557e+01     13440   1
       161   3.451159e+01  5.222819e+01  4.101948e+01     13524   1
       162   2.098527e+02  5.222429e+01  4.133405e+01     13608   1
       163  -7.496676e+01  5.222288e+01  4.164118e+01     13692   1
       164   1.414149e+02  5.220323e+01  4.196837e+01     13776   1
       165  -5.157119e+01  5.211032e+01  4.229230e+01     13860   1
       166   7.740273e+01  5.210223e+01  4.259486e+01     13944   1
       167   3.296612e+02  5.207850e+01  4.292987e+01     14028   1
       168   2.479588e+02  5.204331e+01  4.323766e+01     14112   1
       169   3.335274e+01  5.199975e+01  4.359838e+01     14196   1
       170  -2.780466e+02  5.193603e+01  4.396380e+01     14280   1
       171   2.420000e+02  5.193603e+01  4.430544e+01     14364   1
       172   1.561960e+02  5.192668e+01  4.479491e+01     14448   1
       173  -2.759300e+02  5.192366e+01  4.515077e+01     14532   1
       174   6.502408e+01  5.190779e+01  4.554702e+01     14616   1
       175   2.526104e+02  5.185980e+01  4.585121e+01     14700   1
       176   5.467581e+01  5.181668e+01  4.617667e+01     14784   1
       177  -7.621018e+01  5.180228e+01  4.650084e+01     14868   1
       178   3.937350e+02  5.177856e+01  4.683613e+01     14952   1
       179  -2.357913e+02  5.169509e+01  4.715924e+01     15036   1
       180   2.231489e+02  5.166509e+01  4.747469e+01     15120   1
       181   5.405638e+01  5.166273e+01  4.779409e+01     15204   1
       182  -2.274791e+02  5.162885e+01  4.811565e+01     15288   1
       183   2.908629e+02  5.160793e+01  4.844111e+01     15372   1
       184   6.361915e+01  5.159349e+01  4.874305e+01     15456   1
       185   2.603607e+02  5.158442e+01  4.905247e+01     15540   1
       186  -2.871858e+01  5.153622e+01  4.935846e+01     15624   1
       187  -1.862210e+01  5.152395e+01  4.969663e+01     15708   1
       188   6.420201e+01  5.150834e+01  5.001115e+01     15792   1
       189   1.353257e+02  5.150781e+01  5.031467e+01     15876   1
       190   1.353164e+02  5.146256e+01  5.063352e+01     15960   1
       191  -1.200677e+01  5.145678e+01  5.094186e+01     16044   1
       192   1.376267e+02  5.139842e+01  5.125129e+01     16128   1
       193   1.131842e+02  5.139687e+01  5.155773e+01     16212   1
       194  -1.704962e+01  5.130579e+01  5.187200e+01     16296   1
       195   2.340000e+02  5.129665e+01  5.218242e+01     16380   1
       196   1.474301e+02  5.127289e+01  5.247829e+01     16464   1
       197   1.357482e+02  5.121200e+01  5.278364e+01     16548   1
       198   2.909182e+02  5.117055e+01  5.314448e+01     16632   1
       199  -1.135543e+02  5.117021e+01  5.352988e+01     16716   1
       200  -3.403655e+01  5.116298e+01  5.386816e+01     16800   1
       201  -3.434998e+00  5.113627e+01  5.425154e+01     16884   1
       202   4.857087e+01  5.104000e+01  5.463581e+01     16968   1
       203  -3.193079e+02  5.102701e+01  5.496966e+01     17052   1
       204  -4.158420e+00  5.102358e+01  5.532823e+01     17136   1
       205   2.843531e+01  5.101229e+01  5.568551e+01     17220   1
       206   6.618438e+01  5.099902e+01  5.602145e+01     17304   1
       207   2.336094e+01  5.095581e+01  5.656385e+01     17388   1
       208   1.606439e+02  5.093050e+01  5.697431e+01     17472   1
       209   1.466420e+02  5.093040e+01  5.736779e+01     17556   1
       210   1.775172e+02  5.092757e+01  5.780800e+01     17640   1
       211   1.812132e+02  5.091781e+01  5.820615e+01     17724   1
       212   8.422253e+01  5.090291e+01  5.855506e+01     17808   1
       213  -8.839662e+01  5.090109e+01  5.888860e+01     17892   1
       214   3.065318e+01  5.089799e+01  5.927889e+01     17976   1
       215  -1.126792e+02  5.089112e+01  5.961093e+01     18060   1
       216   2.389644e+02  5.087377e+01  5.992502e+01     18144   1
       217   2.421094e+02  5.087093e+01  6.023479e+01     18228   1
       218   2.807697e+01  5.086494e+01  6.055128e+01     18312   1
       219   3.715883e+02  5.086419e+01  6.087476e+01     18396   1
       220   2.886213e+01  5.085565e+01  6.120377e+01     18480   1
       221   2.337882e+02  5.085478e+01  6.152758e+01     18564   1
       222   1.310815e+02  5.085251e+01  6.183725e+01     18648   1
       223  -2.651968e+02  5.085249e+01  6.216333e+01     18732   1
       224  -9.650459e+01  5.085249e+01  6.250995e+01     18816   1
       225   9.591626e-01  5.081903e+01  6.292109e+01     18900   1
       226  -8.801824e+01  5.080991e+01  6.331930e+01     18984   1
       227   2.770825e+01  5.080697e+01  6.366432e+01     19068   1
       228   8.387081e+01  5.079485e+01  6.399416e+01     19152   1
       229   4.255635e+01  5.078653e+01  6.432552e+01     19236   1
       230  -4.927645e+01  5.076135e+01  6.463525e+01     19320   1
       231  -6.077737e+01  5.074542e+01  6.494862e+01     19404   1
       232  -1.487177e+02  5.063401e+01  6.524965e+01     19488   1
       233  -1.741680e+02  5.062868e+01  6.555887e+01     19572   1
       234   4.359945e+01  5.062840e+01  6.586531e+01     19656   1
       235  -8.202776e+01  5.062834e+01  6.618633e+01     19740   1
       236   4.752882e+01  5.062700e+01  6.656676e+01     19824   1
       237  -1.689304e+02  5.062681e+01  6.692732e+01     19908   1
       238  -1.567140e+02  5.061026e+01  6.726502e+01     19992   1
       239   2.475503e+02  5.061026e+01  6.760853e+01     20076   1
       240   1.206332e+02  5.058598e+01  6.794089e+01     20160   1
       241   1.036809e+02  5.057918e+01  6.825242e+01     20244   1
       242  -3.591268e+01  5.057443e+01  6.857018e+01     20328   1
       243  -6.629123e+01  5.056412e+01  6.889736e+01     20412   1
       244  -4.476980e+00  5.055884e+01  6.924430e+01     20496   1
       245   9.509279e+01  5.055129e+01  6.958853e+01     20580   1
       246   2.885231e+02  5.054776e+01  6.994105e+01     20664   1
       247  -7.561543e+01  5.052480e+01  7.026916e+01     20748   1
       248  -5.199011e+01  5.051860e+01  7.058400e+01     20832   1
       249  -1.442391e+02  5.048663e+01  7.091895e+01     20916   1
       250  -2.093067e+02  5.048030e+01  7.125882e+01     21000   1
       251  -2.454084e+02  5.046179e+01  7.159900e+01     21084   1
       252   1.221450e+02  5.045778e+01  7.194322e+01     21168   1
       253   1.625102e+01  5.045283e+01  7.227806e+01     21252   1
       254  -1.726641e+02  5.040338e+01  7.262394e+01     21336   1
       255   3.779134e+01  5.040181e+01  7.296152e+01     21420   1
       256   6.572310e+01  5.039074e+01  7.329158e+01     21504   1
       257  -7.791330e+01  5.038439e+01  7.364674e+01     21588   1
       258   6.103195e+01  5.035049e+01  7.397361e+01     21672   1
       259  -1.828523e+01  5.034224e+01  7.431828e+01     21756   1
       260   1.693212e+02  5.032898e+01  7.466389e+01     21840   1
       261   6.906169e+01  5.032345e+01  7.499551e+01     21924   1
       262  -1.910561e+02  5.029675e+01  7.535629e+01     22008   1
       263   2.266499e+02  5.029497e+01  7.570151e+01     22092   1
       264  -1.605744e+02  5.029229e+01  7.603837e+01     22176   1
       265   8.698953e+01  5.027443e+01  7.636253e+01     22260   1
       266  -5.830969e+01  5.027234e+01  7.669949e+01     22344   1
       267   1.412392e+02  5.026394e+01  7.703142e+01     22428   1
       268  -2.316031e+02  5.025646e+01  7.737008e+01     22512   1
       269   6.314542e+01  5.025646e+01  7.768708e+01     22596   1
       270  -1.102462e+02  5.025483e+01  7.804048e+01     22680   1
       271  -2.739837e+01  5.025483e+01  7.840394e+01     22764   1
       272   4.565855e+01  5.025483e+01  7.874825e+01     22848   1
       273   4.275717e+00  5.024356e+01  7.909662e+01     22932   1
       274   1.998799e+02  5.023529e+01  7.943018e+01     23016   1
       275   1.768882e+02  5.022978e+01  7.975497e+01     23100   1
       276   2.555333e+02  5.022978e+01  8.008392e+01     23184   1
       277   2.727825e+02  5.022978e+01  8.041230e+01     23268   1
       278   3.451157e+02  5.022187e+01  8.077258e+01     23352   1
       279  -1.518466e+02  5.017163e+01  8.112052e+01     23436   1
       280   8.621129e+01  5.016651e+01  8.146514e+01     23520   1
       281   5.103109e+01  5.011725e+01  8.180209e+01     23604   1
       282  -2.678280e+02  5.010460e+01  8.214783e+01     23688   1
       283  -3.202020e+02  5.009890e+01  8.250001e+01     23772   1
       284   1.976034e+02  5.008775e+01  8.285397e+01     23856   1
       285   3.907481e+01  5.008775e+01  8.321879e+01     23940   1
       286   4.790298e+01  5.008775e+01  8.359687e+01     24024   1
       287   5.863907e+01  5.008440e+01  8.394798e+01     24108   1
       288   2.284020e+02  5.007869e+01  8.432270e+01     24192   1
       289  -1.513127e+02  5.007869e+01  8.470574e+01     24276   1
       290  -5.953639e+01  5.006733e+01  8.506064e+01     24360   1
       291   3.408732e+01  5.006186e+01  8.541312e+01     24444   1
       292  -1.490968e+02  5.005631e+01  8.576782e+01     24528   1
       293   2.190707e+02  5.004524e+01  8.612624e+01     24612   1
       294   5.850847e+01  5.004524e+01  8.647722e+01     24696   1
       295  -1.258943e+01  5.004507e+01  8.684592e+01     24780   1
       296   1.421624e+01  5.004341e+01  8.721441e+01     24864   1
       297   9.651604e+01  5.003985e+01  8.762790e+01     24948   1
       298   2.714886e+02  5.003665e+01  8.797711e+01     25032   1
       299   2.561588e+02  5.002966e+01  8.832144e+01     25116   1
       300   2.405128e+02  5.002966e+01  8.872910e+01     25200   1
-------------------------------------------------------------------
status         : iteration_limit
total time (s) : 8.872910e+01
total solves   : 25200
best bound     :  5.002966e+01
simulation ci  :  3.806473e+01 ± 1.781874e+01
numeric issues : 0
-------------------------------------------------------------------

────────────────────────────────────────────────────────────────────────────────────
                                           Time                    Allocations      
                                  ───────────────────────   ────────────────────────
        Tot / % measured:              88.8s /  99.9%           4.19GiB /  99.4%    

Section                   ncalls     time    %tot     avg     alloc    %tot      avg
────────────────────────────────────────────────────────────────────────────────────
calculate_bound              300    63.9s   72.1%   213ms    601MiB   14.1%  2.00MiB
  get_dual_solution        6.00k   2.93ms    0.0%   489ns    938KiB    0.0%     160B
backward_pass                300    14.7s   16.6%  49.1ms   3.45GiB   82.9%  11.8MiB
  solve_subproblem         18.0k    13.5s   15.2%   749μs   3.13GiB   75.1%   182KiB
    get_dual_solution      18.0k    2.03s    2.3%   113μs   1.10GiB   26.3%  63.9KiB
  prepare_backward_pass    1.80k    778ms    0.9%   432μs    298MiB    7.0%   170KiB
forward_pass                 300    10.0s   11.3%  33.5ms    129MiB    3.0%   439KiB
  solve_subproblem         1.20k    10.0s   11.3%  8.35ms    117MiB    2.7%   100KiB
    get_dual_solution      1.20k    563μs    0.0%   469ns    188KiB    0.0%     160B
  sample_scenario            300   4.24ms    0.0%  14.1μs    792KiB    0.0%  2.64KiB
────────────────────────────────────────────────────────────────────────────────────

-------------------------------------------------------------------
         SDDP.jl (c) Oscar Dowson and contributors, 2017-25
-------------------------------------------------------------------
problem
  nodes           : 4
  state variables : 165
  scenarios       : 1.60000e+05
  existing cuts   : false
options
  solver          : serial mode
  risk measure    : SDDP.Expectation()
  sampling scheme : SDDP.InSampleMonteCarlo
subproblem structure
  VariableRef                             : [469, 469]
  AffExpr in MOI.EqualTo{Float64}         : [87, 87]
  AffExpr in MOI.GreaterThan{Float64}     : [57, 57]
  AffExpr in MOI.LessThan{Float64}        : [84, 84]
  VariableRef in MOI.GreaterThan{Float64} : [90, 91]
  VariableRef in MOI.Integer              : [36, 36]
  VariableRef in MOI.LessThan{Float64}    : [61, 61]
  VariableRef in MOI.ZeroOne              : [210, 210]
numerical stability report
  matrix range     [2e-08, 8e+00]
  objective range  [1e+00, 3e+01]
  bounds range     [6e+00, 9e+03]
  rhs range        [1e+00, 7e+00]
WARNING: numerical stability issues detected
  - matrix range contains small coefficients
Very large or small absolute values of coefficients
can cause numerical stability issues. Consider
reformulating the model.
-------------------------------------------------------------------
 iteration    simulation      bound        time (s)     solves  pid
-------------------------------------------------------------------
         1S -3.132610e+02  2.968059e+02  3.124290e-01        84   1
         2S  1.356530e+02  1.781733e+02  6.523480e-01       168   1
         3S  5.004564e+01  1.544214e+02  1.086861e+00       252   1
         4S  1.443201e+02  1.298590e+02  1.529619e+00       336   1
         5S -6.047136e+01  1.267570e+02  1.956797e+00       420   1
         6S  4.232811e+01  1.122409e+02  2.311626e+00       504   1
         7S  1.321905e+02  1.014401e+02  2.839285e+00       588   1
         8S  1.155988e+02  8.598463e+01  3.292736e+00       672   1
         9S -3.151286e+00  8.484680e+01  3.733322e+00       756   1
        10S  8.462068e+01  8.381314e+01  4.133946e+00       840   1
        11S  1.079811e+02  8.277328e+01  4.579315e+00       924   1
        12S -2.167724e+02  8.190301e+01  5.074851e+00      1008   1
        13S  8.716402e+01  8.111507e+01  5.578656e+00      1092   1
        14S  2.987879e+02  8.019523e+01  6.081076e+00      1176   1
        15S  5.549999e+01  7.589939e+01  6.552903e+00      1260   1
        16S -1.682641e+02  7.345539e+01  7.027068e+00      1344   1
        17S  1.361300e+02  7.107829e+01  7.514091e+00      1428   1
        18S  2.474046e+01  6.958780e+01  7.998933e+00      1512   1
        19S  2.896479e+02  6.920460e+01  8.525152e+00      1596   1
        20S  2.437247e+02  6.834699e+01  9.137807e+00      1680   1
        21S  2.300370e+02  6.786012e+01  9.860074e+00      1764   1
        22S  3.278208e+02  6.730138e+01  1.048482e+01      1848   1
        23S  1.729533e+02  6.647127e+01  1.114742e+01      1932   1
        24S  1.577851e+02  6.625848e+01  1.182153e+01      2016   1
        25S  1.421710e+02  6.602236e+01  1.247131e+01      2100   1
        26S  1.436217e+02  6.559642e+01  1.320743e+01      2184   1
        27S -1.404808e+02  6.514353e+01  1.380432e+01      2268   1
        28S  1.015241e+02  6.498653e+01  1.446033e+01      2352   1
        29S  7.594490e+01  6.452348e+01  1.508954e+01      2436   1
        30S  2.132279e+02  6.439378e+01  1.583076e+01      2520   1
        31S  2.182973e+02  6.424302e+01  1.653069e+01      2604   1
        32S -1.295460e+02  6.407272e+01  1.719244e+01      2688   1
        33S -3.495372e+00  6.394529e+01  1.783501e+01      2772   1
        34S -1.722838e+02  6.385031e+01  1.856298e+01      2856   1
        35S  2.586421e+01  6.365614e+01  1.922147e+01      2940   1
        36S -1.476388e+02  6.348633e+01  1.993110e+01      3024   1
        37S -1.053848e+02  6.305459e+01  2.058450e+01      3108   1
        38S  2.966756e+02  6.236117e+01  2.124181e+01      3192   1
        39S  1.818717e+02  6.213356e+01  2.183781e+01      3276   1
        40S -4.678386e+00  6.187641e+01  2.251256e+01      3360   1
        41S -2.802795e+02  6.144092e+01  2.317318e+01      3444   1
        42S  5.696823e+00  6.115262e+01  2.376820e+01      3528   1
        43S  1.409143e+02  6.093454e+01  2.440036e+01      3612   1
        44S  6.157035e+01  6.062608e+01  2.508688e+01      3696   1
        45S  2.801616e+02  6.049636e+01  2.575303e+01      3780   1
        46S  2.754845e+02  6.012879e+01  2.644349e+01      3864   1
        47S -1.053105e+02  5.962378e+01  2.703177e+01      3948   1
        48S -3.792731e+02  5.933854e+01  2.771871e+01      4032   1
        49S  8.302964e+01  5.909866e+01  2.849261e+01      4116   1
        50S -2.554818e+02  5.905899e+01  2.903340e+01      4200   1
        51S -7.880968e+01  5.893398e+01  2.973532e+01      4284   1
        52S -6.544667e+01  5.882143e+01  3.036744e+01      4368   1
        53S  2.352505e+02  5.863006e+01  3.106622e+01      4452   1
        54S  7.000035e+01  5.856390e+01  3.174816e+01      4536   1
        55S  2.886073e+02  5.836007e+01  3.241178e+01      4620   1
        56S  2.832416e+01  5.810413e+01  3.307435e+01      4704   1
        57S  1.024548e+02  5.795019e+01  3.369694e+01      4788   1
        58S  1.642473e+02  5.785294e+01  3.434850e+01      4872   1
        59S  1.430221e+02  5.722408e+01  3.507279e+01      4956   1
        60S -2.154389e+02  5.715042e+01  3.574735e+01      5040   1
        61S  5.292891e+01  5.664562e+01  3.649752e+01      5124   1
        62S -1.675616e+02  5.657640e+01  3.737919e+01      5208   1
        63S -1.371290e+02  5.640648e+01  3.816715e+01      5292   1
        64S -1.163496e+02  5.641677e+01  3.900685e+01      5376   1
        65S  4.085799e+01  5.628103e+01  3.980512e+01      5460   1
        66S -1.749683e+02  5.624247e+01  4.054387e+01      5544   1
        67S -1.396212e+02  5.622152e+01  4.126312e+01      5628   1
        68S  2.686907e+01  5.601693e+01  4.198668e+01      5712   1
        69S  1.733247e+02  5.591507e+01  4.275315e+01      5796   1
        70S  8.645131e+01  5.589751e+01  4.350118e+01      5880   1
        71S -5.627450e+01  5.588679e+01  4.416873e+01      5964   1
        72S  1.228494e+02  5.580539e+01  4.491973e+01      6048   1
        73S -1.942000e+02  5.578213e+01  4.574338e+01      6132   1
        74S  1.383863e+02  5.574509e+01  4.655381e+01      6216   1
        75S -1.076191e+02  5.570923e+01  4.735218e+01      6300   1
        76S -3.921270e+01  5.565623e+01  4.829022e+01      6384   1
        77S  5.075391e+01  5.555089e+01  4.916819e+01      6468   1
        78S -1.702469e+01  5.547184e+01  4.998611e+01      6552   1
        79S  5.804697e+01  5.538612e+01  5.078843e+01      6636   1
        80S  1.647543e+02  5.534956e+01  5.164684e+01      6720   1
        81S -8.364218e+01  5.502349e+01  5.253165e+01      6804   1
        82S  1.473688e+02  5.486287e+01  5.341882e+01      6888   1
        83S  2.872154e+02  5.486287e+01  5.423250e+01      6972   1
        84S  2.807554e+02  5.463903e+01  5.507842e+01      7056   1
        85S -4.153121e+02  5.457470e+01  5.593302e+01      7140   1
        86S -1.280671e+01  5.455746e+01  5.677141e+01      7224   1
        87S  1.166615e+02  5.451927e+01  5.756110e+01      7308   1
        88S  1.977118e+01  5.450183e+01  5.856847e+01      7392   1
        89S  2.326652e+02  5.450053e+01  5.942125e+01      7476   1
        90S -6.137725e+01  5.440518e+01  6.021179e+01      7560   1
        91S  2.641911e+02  5.423811e+01  6.117651e+01      7644   1
        92S  2.279348e+02  5.421737e+01  6.220051e+01      7728   1
        93S  9.566059e+01  5.419834e+01  6.314836e+01      7812   1
        94S  1.842478e+01  5.416206e+01  6.403360e+01      7896   1
        95S -1.843224e+01  5.414183e+01  6.497781e+01      7980   1
        96S -6.452336e+01  5.411019e+01  6.588867e+01      8064   1
        97S  9.066146e+01  5.396151e+01  6.679965e+01      8148   1
        98S  2.114092e+02  5.385530e+01  6.779726e+01      8232   1
        99S  2.312015e+02  5.379006e+01  6.907978e+01      8316   1
       100S -6.395080e+01  5.362202e+01  7.005707e+01      8400   1
       101S -3.822633e+02  5.353182e+01  7.089524e+01      8484   1
       102S  1.269561e+02  5.350552e+01  7.183057e+01      8568   1
       103S  5.827975e+01  5.341448e+01  7.281784e+01      8652   1
       104S -8.935264e+01  5.332427e+01  7.377732e+01      8736   1
       105S -1.137507e+02  5.331479e+01  7.464387e+01      8820   1
       106S  3.688790e+01  5.310523e+01  7.557947e+01      8904   1
       107S -4.030751e+01  5.310271e+01  7.650165e+01      8988   1
       108S  2.767915e+02  5.307545e+01  7.747051e+01      9072   1
       109S -1.614309e+02  5.305002e+01  7.834345e+01      9156   1
       110S  5.347577e+01  5.289602e+01  7.928630e+01      9240   1
       111S  1.780784e+02  5.286238e+01  8.029537e+01      9324   1
       112S -6.494286e+01  5.282422e+01  8.130117e+01      9408   1
       113S  3.460048e+02  5.280343e+01  8.225401e+01      9492   1
       114S  3.362651e+01  5.273235e+01  8.331819e+01      9576   1
       115S  1.966880e+02  5.268868e+01  8.435808e+01      9660   1
       116S  7.706653e+01  5.268868e+01  8.537127e+01      9744   1
       117S -1.483097e+02  5.268069e+01  8.644936e+01      9828   1
       118S  2.683887e+02  5.262254e+01  8.750251e+01      9912   1
       119S  8.364158e+01  5.256735e+01  8.858999e+01      9996   1
       120S  1.586912e+02  5.256225e+01  8.961677e+01     10080   1
       121S  1.026825e+02  5.256104e+01  9.057853e+01     10164   1
       122S  8.068122e+01  5.254343e+01  9.166677e+01     10248   1
       123S -2.130728e+02  5.249868e+01  9.275967e+01     10332   1
       124S  1.298135e+02  5.249581e+01  9.381910e+01     10416   1
       125S  1.536165e+02  5.246331e+01  9.484629e+01     10500   1
       126S -1.007775e+02  5.245426e+01  9.596549e+01     10584   1
       127S -2.252659e+02  5.245138e+01  9.714648e+01     10668   1
       128S  2.623130e+02  5.237245e+01  9.814404e+01     10752   1
       129S  3.853387e+01  5.224955e+01  9.907542e+01     10836   1
       130S -3.973603e+02  5.220605e+01  1.001614e+02     10920   1
       131S  1.788598e+01  5.218841e+01  1.011730e+02     11004   1
       132S  1.260007e+02  5.218219e+01  1.022788e+02     11088   1
       133S -2.228468e+02  5.217944e+01  1.033880e+02     11172   1
       134S -9.976673e+01  5.217283e+01  1.043471e+02     11256   1
       135S -8.043349e+01  5.217283e+01  1.054644e+02     11340   1
       136S -4.608817e+01  5.217283e+01  1.065900e+02     11424   1
       137S  2.190086e+02  5.203805e+01  1.076084e+02     11508   1
       138S  1.613968e+02  5.201508e+01  1.086221e+02     11592   1
       139S  1.920525e+02  5.198969e+01  1.096944e+02     11676   1
       140S  1.143839e+01  5.198543e+01  1.108934e+02     11760   1
       141S  1.244987e+02  5.191871e+01  1.118962e+02     11844   1
       142S  2.228688e+01  5.191722e+01  1.129398e+02     11928   1
       143S -1.784329e+02  5.180731e+01  1.138770e+02     12012   1
       144S  2.030351e+02  5.179908e+01  1.149828e+02     12096   1
       145S  2.111916e+02  5.178149e+01  1.162198e+02     12180   1
       146S  2.731496e+02  5.177064e+01  1.174767e+02     12264   1
       147S  9.422066e+01  5.176838e+01  1.186568e+02     12348   1
       148S  3.337646e+02  5.176614e+01  1.198744e+02     12432   1
       149S  1.413769e+02  5.172109e+01  1.210584e+02     12516   1
       150S  2.936050e+02  5.168714e+01  1.222972e+02     12600   1
       151S  1.791918e+02  5.167659e+01  1.233008e+02     12684   1
       152S  1.299935e+02  5.166853e+01  1.244002e+02     12768   1
       153S -1.973125e+02  5.152266e+01  1.254761e+02     12852   1
       154S -1.166824e+02  5.152226e+01  1.264756e+02     12936   1
       155S  4.172457e+02  5.150065e+01  1.276041e+02     13020   1
       156S -1.500451e+02  5.149354e+01  1.288166e+02     13104   1
       157S  1.547226e+02  5.147436e+01  1.298616e+02     13188   1
       158S  1.907896e+02  5.147436e+01  1.309187e+02     13272   1
       159S  1.658091e+02  5.146343e+01  1.320587e+02     13356   1
       160S -2.690566e+01  5.146229e+01  1.332945e+02     13440   1
       161S -1.635107e+02  5.139188e+01  1.344424e+02     13524   1
       162S  1.759537e+02  5.138574e+01  1.355566e+02     13608   1
       163S  1.175199e+01  5.137535e+01  1.368735e+02     13692   1
       164S  1.318895e+02  5.135970e+01  1.381674e+02     13776   1
       165S -1.384791e+02  5.130358e+01  1.393639e+02     13860   1
       166S -2.928663e+02  5.124534e+01  1.407214e+02     13944   1
       167S  1.359497e+02  5.124534e+01  1.419977e+02     14028   1
       168S  1.020469e+02  5.124457e+01  1.432984e+02     14112   1
       169S -5.444190e+01  5.123807e+01  1.444907e+02     14196   1
       170S  3.583776e+02  5.123751e+01  1.458541e+02     14280   1
       171S  5.692733e+01  5.123363e+01  1.469700e+02     14364   1
       172S  1.400000e+02  5.123307e+01  1.482611e+02     14448   1
       173S -1.239877e+01  5.122185e+01  1.495967e+02     14532   1
       174S -1.063076e+02  5.121768e+01  1.508515e+02     14616   1
       175S  1.035063e+02  5.120527e+01  1.521752e+02     14700   1
       176S  4.553456e+01  5.118939e+01  1.533154e+02     14784   1
       177S  9.778161e+01  5.117595e+01  1.544716e+02     14868   1
       178S  2.505133e+02  5.116207e+01  1.557829e+02     14952   1
       179S -1.662085e+02  5.116207e+01  1.569375e+02     15036   1
       180S  2.480000e+02  5.115089e+01  1.583983e+02     15120   1
       181S  1.400235e+02  5.114300e+01  1.596167e+02     15204   1
       182S  1.463226e+02  5.111942e+01  1.607602e+02     15288   1
       183S  2.171929e+02  5.108678e+01  1.620605e+02     15372   1
       184S -4.114324e+01  5.106865e+01  1.634082e+02     15456   1
       185S  2.098778e+02  5.105277e+01  1.647597e+02     15540   1
       186S -1.410446e+02  5.104749e+01  1.661007e+02     15624   1
       187S  1.020285e+02  5.102371e+01  1.673927e+02     15708   1
       188S  3.306826e+01  5.097298e+01  1.687046e+02     15792   1
       189S -1.430969e+01  5.095859e+01  1.700830e+02     15876   1
       190S -1.133793e+02  5.095699e+01  1.714839e+02     15960   1
       191S  1.975655e+02  5.094670e+01  1.726799e+02     16044   1
       192S  1.787921e+02  5.094454e+01  1.740434e+02     16128   1
       193S  1.991881e+02  5.091073e+01  1.753785e+02     16212   1
       194S -1.010949e+02  5.090674e+01  1.767452e+02     16296   1
       195S  2.084450e+02  5.089521e+01  1.782860e+02     16380   1
       196S  7.168456e+01  5.088453e+01  1.797322e+02     16464   1
       197S  2.030611e+01  5.079986e+01  1.811651e+02     16548   1
       198S  3.167037e+02  5.079868e+01  1.826911e+02     16632   1
       199S  1.914315e+02  5.079868e+01  1.842338e+02     16716   1
       200S  3.351035e+02  5.079441e+01  1.856281e+02     16800   1
       201S  1.116658e+01  5.078933e+01  1.870262e+02     16884   1
       202S  2.542426e+02  5.078473e+01  1.883991e+02     16968   1
       203S -9.380080e+01  5.076941e+01  1.897207e+02     17052   1
       204S  2.466053e+02  5.076526e+01  1.909959e+02     17136   1
       205S -8.603050e+01  5.076400e+01  1.923891e+02     17220   1
       206S -4.426499e+01  5.073775e+01  1.938599e+02     17304   1
       207S  8.990967e+01  5.073692e+01  1.957456e+02     17388   1
       208S  1.638371e+02  5.072395e+01  1.973094e+02     17472   1
       209S -2.359274e+02  5.071644e+01  1.985591e+02     17556   1
       210S -6.116318e+02  5.070128e+01  1.998765e+02     17640   1
       211S  1.380099e+02  5.068626e+01  2.011787e+02     17724   1
       212S  1.579541e+02  5.068626e+01  2.030647e+02     17808   1
       213S  3.535296e+02  5.068348e+01  2.046872e+02     17892   1
       214S  2.603746e+02  5.067596e+01  2.063511e+02     17976   1
       215S  2.017735e+02  5.067214e+01  2.076317e+02     18060   1
       216S  1.540389e+02  5.065609e+01  2.091297e+02     18144   1
       217S  2.340261e+02  5.065604e+01  2.109320e+02     18228   1
       218S  1.736096e+01  5.062633e+01  2.125154e+02     18312   1
       219S  1.725978e+02  5.050378e+01  2.141218e+02     18396   1
       220S  8.049585e+01  5.032754e+01  2.153514e+02     18480   1
       221S  4.220752e+01  5.032236e+01  2.169836e+02     18564   1
       222S  1.106912e+02  5.031237e+01  2.186863e+02     18648   1
       223S  1.276483e+02  5.030171e+01  2.202268e+02     18732   1
       224S  7.495332e+01  5.029423e+01  2.218058e+02     18816   1
       225S  1.307389e+02  5.028322e+01  2.232043e+02     18900   1
       226S  8.370928e+01  5.026267e+01  2.246886e+02     18984   1
       227S -2.905193e+01  5.022624e+01  2.261397e+02     19068   1
       228S  6.705529e+01  5.022303e+01  2.274390e+02     19152   1
       229S -6.466473e+01  5.021318e+01  2.290047e+02     19236   1
       230S -2.754325e+02  5.022299e+01  2.306649e+02     19320   1
       231S  1.470244e+01  5.021333e+01  2.320686e+02     19404   1
       232S  9.709534e+01  5.021255e+01  2.337654e+02     19488   1
       233S -6.450104e+00  5.020524e+01  2.352297e+02     19572   1
       234S -6.238112e+01  5.018834e+01  2.367250e+02     19656   1
       235S  1.576983e+02  5.018833e+01  2.382289e+02     19740   1
       236S  1.954365e+02  5.018605e+01  2.399336e+02     19824   1
       237S -2.481973e+01  5.013291e+01  2.416600e+02     19908   1
       238S -1.656155e+00  5.012182e+01  2.434558e+02     19992   1
       239S -7.318547e+01  5.009550e+01  2.451306e+02     20076   1
       240S  1.275955e+02  5.008253e+01  2.469354e+02     20160   1
       241S  1.072501e+02  5.006495e+01  2.485878e+02     20244   1
       242S -1.756369e+02  5.002060e+01  2.502726e+02     20328   1
       243S  2.260808e+02  5.002022e+01  2.519989e+02     20412   1
       244S  2.882954e+02  5.000762e+01  2.537491e+02     20496   1
       245S  7.016002e+01  4.999229e+01  2.553455e+02     20580   1
       246S  2.683790e+01  4.997930e+01  2.569651e+02     20664   1
       247S -6.216908e+01  4.997457e+01  2.584950e+02     20748   1
       248S  2.111545e+02  4.997302e+01  2.602257e+02     20832   1
       249S -1.096309e+02  4.995762e+01  2.619287e+02     20916   1
       250S  4.385921e+01  4.991457e+01  2.638780e+02     21000   1
       251S -4.903959e+02  4.990725e+01  2.656711e+02     21084   1
       252S  2.131202e+02  4.983396e+01  2.676634e+02     21168   1
       253S  1.793677e+02  4.983129e+01  2.693058e+02     21252   1
       254S  2.967716e+01  4.981711e+01  2.712637e+02     21336   1
       255S -2.873399e+02  4.978997e+01  2.728557e+02     21420   1
       256S -1.549246e+02  4.978235e+01  2.749011e+02     21504   1
       257S  1.719930e+02  4.977603e+01  2.767681e+02     21588   1
       258S -4.966575e+01  4.971483e+01  2.786076e+02     21672   1
       259S  1.936794e+02  4.970309e+01  2.803103e+02     21756   1
       260S  1.322554e+02  4.968514e+01  2.820890e+02     21840   1
       261S  8.690356e+01  4.968486e+01  2.838852e+02     21924   1
       262S  6.772765e+00  4.966128e+01  2.858116e+02     22008   1
       263S  9.848932e+00  4.965808e+01  2.875212e+02     22092   1
       264S -1.581171e+02  4.964377e+01  2.891948e+02     22176   1
       265S  2.471329e+02  4.962047e+01  2.907646e+02     22260   1
       266S  7.846526e+01  4.961094e+01  2.927346e+02     22344   1
       267S -1.324778e+02  4.960642e+01  2.945796e+02     22428   1
       268S  1.749580e+01  4.956133e+01  2.963151e+02     22512   1
       269S  1.656501e+02  4.952750e+01  2.979539e+02     22596   1
       270S  2.005858e+02  4.950726e+01  2.997642e+02     22680   1
       271S  2.141553e+02  4.950492e+01  3.012658e+02     22764   1
       272S  1.191020e+02  4.948689e+01  3.028453e+02     22848   1
       273S  1.045885e+01  4.943792e+01  3.044026e+02     22932   1
       274S  2.593581e+01  4.943775e+01  3.059442e+02     23016   1
       275S  1.429915e+02  4.943726e+01  3.077872e+02     23100   1
       276S  1.678224e+02  4.942045e+01  3.098947e+02     23184   1
       277S -2.285349e+02  4.938824e+01  3.116923e+02     23268   1
       278S  1.482878e+02  4.938671e+01  3.134360e+02     23352   1
       279S -1.521083e+02  4.937551e+01  3.149608e+02     23436   1
       280S -1.322477e+02  4.937100e+01  3.167943e+02     23520   1
       281S -6.975898e+01  4.936571e+01  3.185661e+02     23604   1
       282S  9.798193e+01  4.935083e+01  3.202443e+02     23688   1
       283S -4.652960e+01  4.933967e+01  3.218718e+02     23772   1
       284S -1.111877e+01  4.931413e+01  3.239569e+02     23856   1
       285S -2.289055e+01  4.931413e+01  3.258418e+02     23940   1
       286S -2.020123e+02  4.931255e+01  3.275451e+02     24024   1
       287S  3.256841e+02  4.929585e+01  3.293574e+02     24108   1
       288S -1.634789e+02  4.929771e+01  3.311780e+02     24192   1
       289S  4.322824e+00  4.928645e+01  3.332344e+02     24276   1
       290S  2.430227e+02  4.927410e+01  3.351998e+02     24360   1
       291S  2.351071e+02  4.927402e+01  3.373621e+02     24444   1
       292S -2.793181e+02  4.926193e+01  3.394233e+02     24528   1
       293S  7.596116e+01  4.926173e+01  3.412550e+02     24612   1
       294S  2.468879e+02  4.925819e+01  3.428923e+02     24696   1
       295S -1.096644e+01  4.925595e+01  3.449929e+02     24780   1
       296S  5.608463e+01  4.924381e+01  3.466768e+02     24864   1
       297S  9.991776e+01  4.924381e+01  3.486192e+02     24948   1
       298S -5.078740e+01  4.922576e+01  3.505213e+02     25032   1
       299S -2.241805e+02  4.922385e+01  3.522351e+02     25116   1
       300S -1.292817e+02  4.921682e+01  3.537771e+02     25200   1
-------------------------------------------------------------------
status         : iteration_limit
total time (s) : 3.537771e+02
total solves   : 25200
best bound     :  4.921682e+01
simulation ci  :  4.873957e+01 ± 1.877161e+01
numeric issues : 0
-------------------------------------------------------------------

────────────────────────────────────────────────────────────────────────────────────
                                           Time                    Allocations      
                                  ───────────────────────   ────────────────────────
        Tot / % measured:               354s / 100.0%           13.0GiB /  99.8%    

Section                   ncalls     time    %tot     avg     alloc    %tot      avg
────────────────────────────────────────────────────────────────────────────────────
backward_pass                300     279s   79.0%   931ms   12.3GiB   94.5%  41.9MiB
  solve_subproblem         18.0k     279s   78.8%  15.5ms   12.2GiB   94.2%   713KiB
    get_dual_solution      18.0k     142s   40.2%  7.91ms   10.6GiB   81.6%   618KiB
  prepare_backward_pass    1.80k   1.48ms    0.0%   824ns    169KiB    0.0%    96.0B
calculate_bound              300    64.2s   18.1%   214ms    607MiB    4.6%  2.02MiB
  get_dual_solution        6.00k   2.89ms    0.0%   482ns    938KiB    0.0%     160B
forward_pass                 300    10.2s    2.9%  34.1ms    129MiB    1.0%   440KiB
  solve_subproblem         1.20k    10.2s    2.9%  8.49ms    117MiB    0.9%   100KiB
    get_dual_solution      1.20k    566μs    0.0%   472ns    188KiB    0.0%     160B
  sample_scenario            300   4.43ms    0.0%  14.8μs    794KiB    0.0%  2.65KiB
────────────────────────────────────────────────────────────────────────────────────

-------------------------------------------------------------------
         SDDP.jl (c) Oscar Dowson and contributors, 2017-25
-------------------------------------------------------------------
problem
  nodes           : 4
  state variables : 165
  scenarios       : 1.60000e+05
  existing cuts   : false
options
  solver          : serial mode
  risk measure    : SDDP.Expectation()
  sampling scheme : SDDP.InSampleMonteCarlo
subproblem structure
  VariableRef                             : [469, 469]
  AffExpr in MOI.EqualTo{Float64}         : [87, 87]
  AffExpr in MOI.GreaterThan{Float64}     : [57, 57]
  AffExpr in MOI.LessThan{Float64}        : [84, 84]
  VariableRef in MOI.GreaterThan{Float64} : [90, 91]
  VariableRef in MOI.Integer              : [36, 36]
  VariableRef in MOI.LessThan{Float64}    : [61, 61]
  VariableRef in MOI.ZeroOne              : [210, 210]
numerical stability report
  matrix range     [2e-08, 8e+00]
  objective range  [1e+00, 3e+01]
  bounds range     [6e+00, 9e+03]
  rhs range        [1e+00, 7e+00]
WARNING: numerical stability issues detected
  - matrix range contains small coefficients
Very large or small absolute values of coefficients
can cause numerical stability issues. Consider
reformulating the model.
-------------------------------------------------------------------
 iteration    simulation      bound        time (s)     solves  pid
-------------------------------------------------------------------
         1L  1.634702e+02  8.629000e+03  1.102101e+01        84   1
         2L  7.345343e+01  8.629000e+03  2.071348e+01       168   1
         3L -6.899711e+01  8.629000e+03  2.963060e+01       252   1
         4L -2.142265e+02  8.629000e+03  3.788006e+01       336   1
         5L  2.786219e+02  8.629000e+03  4.719789e+01       420   1
         6L  6.732992e+01  8.629000e+03  5.877042e+01       504   1
         7L  3.171925e+01  8.629000e+03  6.756568e+01       588   1
         8L -1.551285e+02  8.629000e+03  7.579506e+01       672   1
         9L -3.751390e+02  8.629000e+03  8.415292e+01       756   1
        10L -4.263590e+01  8.629000e+03  1.000899e+02       840   1
        11L -2.965819e+02  8.629000e+03  1.236631e+02       924   1
        12L  5.158817e+01  8.629000e+03  1.458234e+02      1008   1
        13L -1.806799e+02  8.629000e+03  1.677626e+02      1092   1
        14L  4.017862e+01  8.629000e+03  1.888439e+02      1176   1
        15L -1.094370e+02  8.629000e+03  2.111071e+02      1260   1
        16L -1.646976e+02  8.629000e+03  2.336958e+02      1344   1
        17L -1.545873e+02  8.629000e+03  2.634238e+02      1428   1
        18L -1.780805e+02  8.629000e+03  2.963931e+02      1512   1
        19L -1.741098e+02  8.629000e+03  3.258977e+02      1596   1
        20L -3.430569e+02  8.629000e+03  3.522836e+02      1680   1
        21L  6.842279e+01  8.629000e+03  3.796582e+02      1764   1
        22L -3.902249e+02  8.629000e+03  4.051663e+02      1848   1
        23L -5.845108e+02  8.629000e+03  4.437540e+02      1932   1
        24L -1.877294e+01  8.629000e+03  4.885877e+02      2016   1
        25L  2.664301e+01  8.629000e+03  5.315691e+02      2100   1
        26L  5.990698e+00  8.629000e+03  5.739001e+02      2184   1
        27L -9.259709e+01  8.629000e+03  6.220425e+02      2268   1
        28L -5.314440e+01  8.629000e+03  6.635059e+02      2352   1
        29L -2.930877e+01  8.629000e+03  7.037692e+02      2436   1
        30L -9.951046e+01  8.629000e+03  7.464836e+02      2520   1
        31L -1.700989e+02  8.629000e+03  7.782527e+02      2604   1
        32L -1.574360e+02  8.629000e+03  8.092046e+02      2688   1
        33L -1.763231e+02  8.629000e+03  8.552395e+02      2772   1
        34L -4.704106e+02  8.629000e+03  9.033829e+02      2856   1
        35L -1.770579e+02  8.629000e+03  9.482739e+02      2940   1
        36L -1.801769e+02  8.629000e+03  9.903131e+02      3024   1
        37L -1.790557e+02  8.629000e+03  1.033925e+03      3108   1
        38L -1.903582e+02  8.629000e+03  1.077204e+03      3192   1
        39L -2.286037e+02  8.629000e+03  1.122070e+03      3276   1
        40L -1.419881e+02  8.629000e+03  1.170022e+03      3360   1
        41L  1.048030e+02  8.629000e+03  1.217657e+03      3444   1
        42L -4.965044e+02  8.629000e+03  1.265319e+03      3528   1
        43L -1.469600e+02  8.629000e+03  1.318573e+03      3612   1
        44L  3.366578e+01  8.629000e+03  1.371147e+03      3696   1
        45L -9.584287e+01  8.629000e+03  1.418746e+03      3780   1
        46L  1.707907e+02  8.629000e+03  1.472557e+03      3864   1
        47L -1.340305e+02  8.629000e+03  1.523545e+03      3948   1
        48L  2.221259e+01  8.629000e+03  1.572858e+03      4032   1
        49L -3.352653e+02  8.629000e+03  1.630287e+03      4116   1
        50L -8.803819e+01  8.629000e+03  1.683097e+03      4200   1
        51L  3.867330e+01  8.629000e+03  1.731347e+03      4284   1
        52L -1.456309e+02  8.629000e+03  1.780648e+03      4368   1
        53L -1.819531e+02  8.629000e+03  1.829820e+03      4452   1
        54L -7.759663e+01  8.629000e+03  1.885908e+03      4536   1
        55L -1.739296e+02  8.629000e+03  1.939784e+03      4620   1
        56L -3.185951e+02  8.629000e+03  1.993289e+03      4704   1
        57L -2.823845e+02  8.629000e+03  2.048448e+03      4788   1
        58L -3.516680e+02  8.629000e+03  2.104613e+03      4872   1
        59L  1.888550e+01  8.629000e+03  2.157814e+03      4956   1
        60L -1.476921e+01  8.629000e+03  2.203001e+03      5040   1
        61L -1.897043e+02  8.629000e+03  2.246262e+03      5124   1
        62L -6.468550e+01  8.629000e+03  2.314395e+03      5208   1
        63L -3.953495e+02  8.629000e+03  2.387552e+03      5292   1
        64L -2.953207e+02  8.629000e+03  2.457780e+03      5376   1
        65L -2.074049e+02  8.629000e+03  2.529908e+03      5460   1
        66L  8.937986e+00  8.629000e+03  2.608025e+03      5544   1
        67L -1.290501e+02  8.629000e+03  2.688595e+03      5628   1
        68L  3.987964e+01  8.629000e+03  2.770120e+03      5712   1
-------------------------------------------------------------------
         SDDP.jl (c) Oscar Dowson and contributors, 2017-25
-------------------------------------------------------------------
problem
  nodes           : 4
  state variables : 165
  scenarios       : 1.60000e+05
  existing cuts   : false
options
  solver          : serial mode
  risk measure    : SDDP.Expectation()
  sampling scheme : SDDP.InSampleMonteCarlo
subproblem structure
  VariableRef                             : [469, 469]
  AffExpr in MOI.EqualTo{Float64}         : [87, 87]
  AffExpr in MOI.GreaterThan{Float64}     : [57, 57]
  AffExpr in MOI.LessThan{Float64}        : [84, 84]
  VariableRef in MOI.GreaterThan{Float64} : [90, 91]
  VariableRef in MOI.Integer              : [36, 36]
  VariableRef in MOI.LessThan{Float64}    : [61, 61]
  VariableRef in MOI.ZeroOne              : [210, 210]
numerical stability report
  matrix range     [2e-08, 8e+00]
  objective range  [1e+00, 3e+01]
  bounds range     [6e+00, 9e+03]
  rhs range        [1e+00, 7e+00]
WARNING: numerical stability issues detected
  - matrix range contains small coefficients
Very large or small absolute values of coefficients
can cause numerical stability issues. Consider
reformulating the model.
-------------------------------------------------------------------
 iteration    simulation      bound        time (s)     solves  pid
-------------------------------------------------------------------
         1  -2.073695e+02  1.685066e+02  4.417261e+00        84   1
         2  -4.951785e+01  1.358468e+02  4.599534e+00       168   1
         3S  9.847770e+01  1.311579e+02  5.432176e+00       252   1
         4L  1.670983e+02  1.311579e+02  2.248540e+01       336   1
         5   2.935883e+02  1.070470e+02  2.262484e+01       420   1
         6   6.670164e+01  9.717543e+01  2.279415e+01       504   1
         7  -1.496923e+02  9.198327e+01  2.294072e+01       588   1
         8   6.682874e+01  8.848108e+01  2.309742e+01       672   1
         9   6.783947e+01  8.750036e+01  2.325975e+01       756   1
        10  -5.345258e+01  8.660689e+01  2.342315e+01       840   1
        11  -2.894544e+02  8.391117e+01  2.362809e+01       924   1
        12   9.847837e+01  8.226563e+01  2.378514e+01      1008   1
        13  -9.714007e+01  8.003363e+01  2.402545e+01      1092   1
        14   9.932186e+01  7.695433e+01  2.422640e+01      1176   1
        15   1.608228e+02  7.657732e+01  2.441897e+01      1260   1
        16   2.936106e+02  7.620582e+01  2.457950e+01      1344   1
        17  -3.088148e+02  7.549939e+01  2.475019e+01      1428   1
        18   3.363812e+02  7.534371e+01  2.491642e+01      1512   1
        19  -7.349752e+01  7.387049e+01  2.507376e+01      1596   1
        20  -1.582349e+02  7.178862e+01  2.526144e+01      1680   1
        21  -1.430030e+02  7.160253e+01  2.544587e+01      1764   1
        22   3.102478e+02  7.089859e+01  2.563292e+01      1848   1
        23  -1.380968e+02  7.038709e+01  2.580909e+01      1932   1
        24  -8.198018e+01  7.014259e+01  2.599608e+01      2016   1
        25   1.834575e+02  6.920992e+01  2.619500e+01      2100   1
        26  -1.497322e+01  6.837017e+01  2.637569e+01      2184   1
        27   2.196636e+02  6.698035e+01  2.656181e+01      2268   1
        28   1.737412e+02  6.518879e+01  2.672280e+01      2352   1
        29  -7.350753e+01  6.378097e+01  2.688677e+01      2436   1
        30   2.380119e+02  6.350822e+01  2.705154e+01      2520   1
        31   1.723037e+02  6.313446e+01  2.721176e+01      2604   1
        32  -6.971984e+01  6.282033e+01  2.738196e+01      2688   1
        33   1.694502e+02  6.277410e+01  2.755296e+01      2772   1
        34   8.012965e+01  6.242422e+01  2.773194e+01      2856   1
        35   7.906160e+01  6.230465e+01  2.790225e+01      2940   1
        36  -3.617916e+02  6.206563e+01  2.808027e+01      3024   1
        37  -3.095728e+01  6.150158e+01  2.825711e+01      3108   1
        38  -1.072544e+02  6.130632e+01  2.843394e+01      3192   1
        39   2.045335e+02  6.093697e+01  2.862625e+01      3276   1
        40   1.795249e+02  6.065501e+01  2.887425e+01      3360   1
        41   1.930152e+02  6.050793e+01  2.906749e+01      3444   1
        42   1.111743e+02  6.008914e+01  2.927039e+01      3528   1
        43  -2.615677e+02  5.968123e+01  2.946827e+01      3612   1
        44  -1.320873e+02  5.960425e+01  2.967014e+01      3696   1
        45   4.371182e+02  5.960118e+01  2.988367e+01      3780   1
        46   1.710476e+02  5.944238e+01  3.010048e+01      3864   1
        47  -1.943910e+02  5.917607e+01  3.033049e+01      3948   1
        48   1.035730e+02  5.905184e+01  3.055845e+01      4032   1
        49   3.844382e+01  5.903350e+01  3.078403e+01      4116   1
        50   3.009404e+02  5.892491e+01  3.101932e+01      4200   1
        51   1.449733e+02  5.885648e+01  3.125990e+01      4284   1
        52  -1.441274e+02  5.878317e+01  3.150179e+01      4368   1
        53  -2.018423e+01  5.840598e+01  3.176151e+01      4452   1
        54   2.243224e+02  5.817143e+01  3.200219e+01      4536   1
        55   1.039157e+02  5.810667e+01  3.225153e+01      4620   1
        56   2.076154e+02  5.799824e+01  3.249635e+01      4704   1
        57   7.195108e+01  5.799031e+01  3.274428e+01      4788   1
        58  -2.133124e+02  5.786596e+01  3.298159e+01      4872   1
        59   1.865889e+02  5.785173e+01  3.324049e+01      4956   1
        60   3.365089e+01  5.768353e+01  3.347848e+01      5040   1
        61  -1.052082e+02  5.767837e+01  3.379641e+01      5124   1
        62   3.147421e+01  5.758326e+01  3.403002e+01      5208   1
        63  -1.158411e+02  5.751590e+01  3.426729e+01      5292   1
        64   1.256400e+02  5.745446e+01  3.450091e+01      5376   1
        65   9.786975e+01  5.736828e+01  3.472845e+01      5460   1
        66  -3.368317e+02  5.694208e+01  3.496445e+01      5544   1
        67   1.696938e+02  5.676873e+01  3.520212e+01      5628   1
        68   2.646353e+02  5.671231e+01  3.542058e+01      5712   1
        69  -3.749974e+02  5.667099e+01  3.564798e+01      5796   1
        70   1.532392e+02  5.664031e+01  3.586254e+01      5880   1
        71   9.302844e+01  5.626477e+01  3.610499e+01      5964   1
        72   1.116616e+02  5.625326e+01  3.633024e+01      6048   1
        73   1.845973e+02  5.613609e+01  3.655063e+01      6132   1
        74  -5.795418e+01  5.606053e+01  3.676702e+01      6216   1
        75   1.716100e+02  5.587327e+01  3.700584e+01      6300   1
        76  -3.042761e+01  5.558418e+01  3.723939e+01      6384   1
        77   1.028578e+02  5.557363e+01  3.747672e+01      6468   1
        78  -4.326286e+01  5.557236e+01  3.770305e+01      6552   1
        79  -9.693043e+01  5.551933e+01  3.794465e+01      6636   1
        80   1.095125e+02  5.540279e+01  3.817226e+01      6720   1
        81   1.824288e+02  5.523291e+01  3.840630e+01      6804   1
        82   1.383928e+02  5.522149e+01  3.864741e+01      6888   1
        83   1.602689e+02  5.483318e+01  3.887459e+01      6972   1
        84  -2.978258e+01  5.472908e+01  3.910844e+01      7056   1
        85   2.598542e+02  5.455249e+01  3.934528e+01      7140   1
        86  -2.514660e+02  5.448218e+01  3.958357e+01      7224   1
        87   1.867907e+02  5.445215e+01  3.982222e+01      7308   1
        88  -3.081183e+02  5.439998e+01  4.012588e+01      7392   1
        89  -1.194102e+02  5.438701e+01  4.037298e+01      7476   1
        90   2.846433e+02  5.431871e+01  4.061495e+01      7560   1
        91   5.875810e+01  5.428566e+01  4.085384e+01      7644   1
        92   3.373694e+01  5.427439e+01  4.109315e+01      7728   1
        93  -6.203864e+01  5.427006e+01  4.133568e+01      7812   1
        94  -1.166097e+02  5.416729e+01  4.157455e+01      7896   1
        95   9.350975e+01  5.410685e+01  4.183228e+01      7980   1
        96   1.523755e+02  5.407468e+01  4.209510e+01      8064   1
        97  -8.430969e+01  5.397175e+01  4.235396e+01      8148   1
        98  -1.520306e+02  5.395355e+01  4.261287e+01      8232   1
        99   7.221894e+01  5.395355e+01  4.286896e+01      8316   1
       100S  5.539747e+01  5.386012e+01  4.392139e+01      8400   1
       101   9.334637e+01  5.375865e+01  4.422044e+01      8484   1
       102  -1.145376e+02  5.369167e+01  4.450125e+01      8568   1
       103   2.986275e+02  5.367521e+01  4.476896e+01      8652   1
       104  -1.979607e+02  5.364018e+01  4.504476e+01      8736   1
       105  -3.273881e+01  5.363932e+01  4.529031e+01      8820   1
       106   2.646301e+02  5.360148e+01  4.555860e+01      8904   1
       107   7.503309e+01  5.359775e+01  4.581967e+01      8988   1
       108  -3.396107e+01  5.349490e+01  4.608519e+01      9072   1
       109  -1.460202e+02  5.347102e+01  4.635019e+01      9156   1
       110  -1.014941e+02  5.346199e+01  4.660030e+01      9240   1
       111  -2.053338e+02  5.340686e+01  4.692209e+01      9324   1
       112  -1.728083e+00  5.335650e+01  4.720460e+01      9408   1
       113   1.128414e+02  5.332741e+01  4.748563e+01      9492   1
       114  -2.068932e+01  5.331936e+01  4.777083e+01      9576   1
       115   2.130908e+02  5.325440e+01  4.802864e+01      9660   1
       116  -1.848908e+00  5.315290e+01  4.829384e+01      9744   1
       117   1.859558e+02  5.314371e+01  4.856627e+01      9828   1
       118   1.041218e+01  5.309962e+01  4.885106e+01      9912   1
       119  -1.582021e+02  5.304258e+01  4.914363e+01      9996   1
       120   2.600000e+02  5.304154e+01  4.944611e+01     10080   1
       121   2.387228e+02  5.303691e+01  4.973856e+01     10164   1
       122   7.276249e+01  5.299021e+01  5.002987e+01     10248   1
       123   3.019983e+02  5.292359e+01  5.033518e+01     10332   1
       124   9.588344e+01  5.288157e+01  5.062441e+01     10416   1
       125  -2.104441e+02  5.284299e+01  5.093910e+01     10500   1
       126   7.124908e+01  5.282846e+01  5.129510e+01     10584   1
       127   1.395797e+02  5.279485e+01  5.157670e+01     10668   1
       128   3.969037e+01  5.276157e+01  5.186339e+01     10752   1
       129   3.650170e+02  5.273646e+01  5.215720e+01     10836   1
       130  -9.632722e+01  5.266967e+01  5.243967e+01     10920   1
       131   2.680000e+02  5.264343e+01  5.272611e+01     11004   1
       132  -1.607039e+02  5.260981e+01  5.301262e+01     11088   1
       133   1.428252e+02  5.260898e+01  5.330453e+01     11172   1
       134  -1.631033e+00  5.259763e+01  5.360418e+01     11256   1
       135  -4.209986e+01  5.258886e+01  5.390668e+01     11340   1
       136   6.556289e+00  5.258547e+01  5.419231e+01     11424   1
       137  -1.544539e+02  5.257500e+01  5.449422e+01     11508   1
       138  -2.350568e+02  5.256083e+01  5.478663e+01     11592   1
       139   4.044353e+01  5.253438e+01  5.510217e+01     11676   1
       140  -3.254537e+02  5.251839e+01  5.538833e+01     11760   1
       141   1.559776e+02  5.251776e+01  5.571046e+01     11844   1
       142  -1.787401e+00  5.246119e+01  5.600942e+01     11928   1
       143   1.204374e+02  5.231355e+01  5.633652e+01     12012   1
       144   4.710448e+00  5.229011e+01  5.663393e+01     12096   1
       145   5.801930e+01  5.227320e+01  5.693238e+01     12180   1
       146  -1.034894e+01  5.227320e+01  5.726380e+01     12264   1
       147S -1.153190e+02  5.225295e+01  5.833885e+01     12348   1
       148  -9.524143e+01  5.220430e+01  5.866809e+01     12432   1
       149   1.071035e+02  5.218384e+01  5.904641e+01     12516   1
       150  -4.819482e+01  5.215141e+01  5.934460e+01     12600   1
       151   2.272954e+02  5.213551e+01  5.966206e+01     12684   1
       152   3.706826e+01  5.213125e+01  5.998191e+01     12768   1
       153   3.805728e-01  5.212755e+01  6.029482e+01     12852   1
       154  -1.044974e+02  5.212548e+01  6.062708e+01     12936   1
       155   3.715528e+01  5.211244e+01  6.093156e+01     13020   1
       156   1.960396e+01  5.211244e+01  6.124537e+01     13104   1
       157S -3.673966e+01  5.208554e+01  6.270245e+01     13188   1
       158  -2.941930e+01  5.208344e+01  6.299433e+01     13272   1
       159   4.554295e+01  5.206405e+01  6.331235e+01     13356   1
       160   5.592859e+01  5.198377e+01  6.363846e+01     13440   1
       161   1.253041e+02  5.194556e+01  6.403472e+01     13524   1
       162  -8.662925e+01  5.194235e+01  6.437016e+01     13608   1
       163  -1.167174e+02  5.190032e+01  6.468642e+01     13692   1
       164  -1.177356e+02  5.188902e+01  6.501441e+01     13776   1
       165  -2.815157e+01  5.188897e+01  6.534569e+01     13860   1
       166   2.417680e+02  5.187498e+01  6.568797e+01     13944   1
       167   5.991976e+01  5.185762e+01  6.600887e+01     14028   1
       168   1.509143e+02  5.185762e+01  6.633370e+01     14112   1
       169S  1.501484e+02  5.180618e+01  6.775695e+01     14196   1
       170   1.760873e+02  5.179730e+01  6.807083e+01     14280   1
       171   8.558641e+01  5.179730e+01  6.838152e+01     14364   1
       172S -2.776273e+01  5.177833e+01  6.977290e+01     14448   1
       173   1.695894e+02  5.177229e+01  7.009900e+01     14532   1
       174  -9.209848e+01  5.177229e+01  7.042752e+01     14616   1
       175S  2.401435e+01  5.175531e+01  7.204449e+01     14700   1
       176  -1.183319e+02  5.172877e+01  7.239627e+01     14784   1
       177  -1.394722e+02  5.171376e+01  7.280488e+01     14868   1
       178   2.260625e+02  5.171163e+01  7.318148e+01     14952   1
       179   5.209008e+01  5.170780e+01  7.353704e+01     15036   1
       180   2.877967e+01  5.169206e+01  7.391933e+01     15120   1
       181  -9.859150e+01  5.168146e+01  7.428140e+01     15204   1
       182  -1.609415e+01  5.163087e+01  7.469497e+01     15288   1
       183   1.502320e+02  5.163055e+01  7.504305e+01     15372   1
       184   2.007304e+02  5.163016e+01  7.535108e+01     15456   1
       185   8.406429e+00  5.161733e+01  7.567581e+01     15540   1
       186   2.396997e+02  5.160672e+01  7.598173e+01     15624   1
       187   1.534426e+01  5.158797e+01  7.631750e+01     15708   1
       188  -7.863855e+01  5.158100e+01  7.671621e+01     15792   1
       189  -3.753248e+01  5.157874e+01  7.711680e+01     15876   1
       190   1.979505e+02  5.157813e+01  7.747128e+01     15960   1
       191   1.380625e+02  5.157458e+01  7.790136e+01     16044   1
       192   9.243078e+01  5.155642e+01  7.835520e+01     16128   1
       193  -1.909476e+02  5.155183e+01  7.869433e+01     16212   1
       194   6.180124e+01  5.154937e+01  7.904761e+01     16296   1
       195  -1.754933e+02  5.153185e+01  7.946987e+01     16380   1
       196   3.368260e+02  5.152891e+01  7.987351e+01     16464   1
       197   1.639556e+01  5.152314e+01  8.023909e+01     16548   1
       198  -7.830554e+01  5.149889e+01  8.059491e+01     16632   1
       199  -2.945947e+00  5.149297e+01  8.095287e+01     16716   1
       200   1.130837e+02  5.149297e+01  8.139348e+01     16800   1
       201S -3.699835e+02  5.149162e+01  8.300008e+01     16884   1
       202   8.147017e+01  5.149015e+01  8.335343e+01     16968   1
       203  -3.860838e+02  5.148917e+01  8.380763e+01     17052   1
       204   9.992813e+01  5.148869e+01  8.416935e+01     17136   1
       205  -1.795463e+02  5.145479e+01  8.464431e+01     17220   1
       206   1.937227e+02  5.145219e+01  8.503249e+01     17304   1
       207  -1.816946e+02  5.144493e+01  8.536212e+01     17388   1
       208   2.354193e+02  5.144504e+01  8.576335e+01     17472   1
       209  -1.479705e+02  5.143165e+01  8.610270e+01     17556   1
       210   8.491016e+01  5.138609e+01  8.651211e+01     17640   1
       211  -4.011439e+00  5.138507e+01  8.685561e+01     17724   1
       212  -5.150133e+02  5.136829e+01  8.718932e+01     17808   1
       213   1.369304e+02  5.136794e+01  8.750939e+01     17892   1
       214   6.913502e+01  5.136707e+01  8.785822e+01     17976   1
       215   2.698418e+02  5.131951e+01  8.821334e+01     18060   1
       216   2.373335e+02  5.131567e+01  8.856976e+01     18144   1
       217   2.586476e+02  5.129787e+01  8.899729e+01     18228   1
       218   3.800000e+02  5.126587e+01  8.933146e+01     18312   1
       219   3.499304e+01  5.126587e+01  8.968297e+01     18396   1
       220S  3.941088e+01  5.125517e+01  9.105517e+01     18480   1
       221   2.093961e+02  5.125154e+01  9.142536e+01     18564   1
       222  -2.720019e+00  5.124650e+01  9.181745e+01     18648   1
       223   1.662778e+02  5.124582e+01  9.216817e+01     18732   1
       224   2.242036e+02  5.124234e+01  9.252613e+01     18816   1
       225   1.382392e+02  5.122261e+01  9.288766e+01     18900   1
       226  -1.505978e+02  5.120676e+01  9.323792e+01     18984   1
       227  -8.192633e+01  5.120506e+01  9.359642e+01     19068   1
       228   1.049808e+02  5.117980e+01  9.399337e+01     19152   1
       229   9.172026e+01  5.116999e+01  9.435474e+01     19236   1
       230   3.720918e+02  5.116800e+01  9.479404e+01     19320   1
       231   1.550382e+02  5.116594e+01  9.518042e+01     19404   1
       232  -4.211954e+00  5.115486e+01  9.556264e+01     19488   1
       233   1.497334e+02  5.111180e+01  9.595422e+01     19572   1
       234   2.298059e+02  5.109965e+01  9.634337e+01     19656   1
       235   2.492122e+02  5.109482e+01  9.672841e+01     19740   1
       236   1.969155e+02  5.109193e+01  9.711178e+01     19824   1
       237   2.123918e+01  5.109063e+01  9.749939e+01     19908   1
       238   2.493153e+02  5.107567e+01  9.789300e+01     19992   1
       239  -2.923819e+01  5.107153e+01  9.829397e+01     20076   1
       240  -2.330965e+02  5.106848e+01  9.866643e+01     20160   1
       241  -1.208798e+02  5.106294e+01  9.904834e+01     20244   1
       242   6.376643e+01  5.105429e+01  9.943516e+01     20328   1
       243   4.506985e+01  5.104367e+01  9.981927e+01     20412   1
       244  -1.569960e+02  5.104074e+01  1.002682e+02     20496   1
       245  -6.585877e+01  5.103595e+01  1.006435e+02     20580   1
       246   9.017626e+00  5.102928e+01  1.010148e+02     20664   1
       247   7.437662e+01  5.102547e+01  1.014137e+02     20748   1
       248   1.545668e+02  5.102501e+01  1.017886e+02     20832   1
       249   7.426718e+01  5.101003e+01  1.022089e+02     20916   1
       250   2.147748e+02  5.100252e+01  1.025924e+02     21000   1
       251   4.815709e+01  5.100085e+01  1.029699e+02     21084   1
       252  -1.514457e+02  5.099907e+01  1.033542e+02     21168   1
       253   1.316300e+02  5.099907e+01  1.037458e+02     21252   1
       254S  1.682100e+02  5.099657e+01  1.054565e+02     21336   1
       255  -3.616374e+01  5.098133e+01  1.058468e+02     21420   1
       256  -4.182652e+01  5.098062e+01  1.062249e+02     21504   1
       257  -1.647185e+02  5.097970e+01  1.066052e+02     21588   1
       258  -1.029789e+02  5.096411e+01  1.070631e+02     21672   1
       259  -1.296277e+01  5.096104e+01  1.074389e+02     21756   1
       260   5.925393e+01  5.096085e+01  1.078041e+02     21840   1
       261   1.722090e+02  5.093095e+01  1.082091e+02     21924   1
       262   5.531402e+01  5.093095e+01  1.086046e+02     22008   1
       263S  2.540587e+02  5.090375e+01  1.104109e+02     22092   1
       264  -2.137556e+02  5.090375e+01  1.108015e+02     22176   1
       265S  9.503629e+01  5.085380e+01  1.124334e+02     22260   1
       266  -2.211800e+01  5.084603e+01  1.128214e+02     22344   1
       267   1.816183e+01  5.084423e+01  1.132169e+02     22428   1
       268   1.109703e+02  5.084300e+01  1.136046e+02     22512   1
       269   2.397108e+02  5.084292e+01  1.140502e+02     22596   1
       270  -1.169864e+02  5.083346e+01  1.144391e+02     22680   1
       271   1.329386e+01  5.082850e+01  1.148237e+02     22764   1
       272   7.359066e+01  5.082445e+01  1.151919e+02     22848   1
       273  -3.077330e+01  5.082392e+01  1.155813e+02     22932   1
       274   2.037447e+02  5.081369e+01  1.159831e+02     23016   1
       275   8.647893e+01  5.081358e+01  1.163998e+02     23100   1
       276  -3.758746e+01  5.075727e+01  1.167865e+02     23184   1
       277   2.318517e+02  5.075727e+01  1.172299e+02     23268   1
       278S  3.040958e+02  5.075340e+01  1.191228e+02     23352   1
       279  -1.446411e+02  5.075211e+01  1.195191e+02     23436   1
       280   3.420996e-01  5.075211e+01  1.199253e+02     23520   1
       281S  5.120309e+01  5.074903e+01  1.216204e+02     23604   1
       282   3.141114e+01  5.074516e+01  1.220080e+02     23688   1
       283  -2.434512e+00  5.074516e+01  1.223847e+02     23772   1
       284S  2.314521e+02  5.073940e+01  1.243041e+02     23856   1
       285   8.210113e+01  5.073846e+01  1.246904e+02     23940   1
       286   2.921050e+02  5.073978e+01  1.250730e+02     24024   1
       287  -3.672645e+01  5.072244e+01  1.254541e+02     24108   1
       288   1.895204e+02  5.072030e+01  1.259177e+02     24192   1
       289   1.780000e+02  5.071840e+01  1.263151e+02     24276   1
       290   5.417525e+01  5.071840e+01  1.267134e+02     24360   1
       291S  5.684453e+01  5.070388e+01  1.283947e+02     24444   1
       292  -2.879198e+02  5.070388e+01  1.287764e+02     24528   1
       293S  1.477936e+00  5.070388e+01  1.305179e+02     24612   1
       294L  8.533184e+01  5.070388e+01  1.766354e+02     24696   1
       295  -3.370036e+02  5.069844e+01  1.770780e+02     24780   1
       296   1.372165e+02  5.069796e+01  1.775644e+02     24864   1
       297   1.769517e+02  5.069615e+01  1.780547e+02     24948   1
       298  -9.930008e+01  5.069414e+01  1.784860e+02     25032   1
       299   1.064065e+02  5.069229e+01  1.789821e+02     25116   1
       300   1.523116e+02  5.068732e+01  1.794011e+02     25200   1
-------------------------------------------------------------------
status         : iteration_limit
total time (s) : 1.794011e+02
total solves   : 25200
best bound     :  5.068732e+01
simulation ci  :  3.933695e+01 ± 1.813121e+01
numeric issues : 0
-------------------------------------------------------------------

────────────────────────────────────────────────────────────────────────────────────
                                           Time                    Allocations      
                                  ───────────────────────   ────────────────────────
        Tot / % measured:               181s /  98.8%           6.82GiB /  97.2%    

Section                   ncalls     time    %tot     avg     alloc    %tot      avg
────────────────────────────────────────────────────────────────────────────────────
backward_pass                300    99.0s   55.4%   330ms   5.59GiB   84.3%  19.1MiB
  solve_subproblem         18.0k    94.9s   53.1%  5.27ms   5.03GiB   75.8%   293KiB
    get_dual_solution      18.0k    74.0s   41.4%  4.11ms   3.02GiB   45.5%   176KiB
  prepare_backward_pass    1.80k    1.71s    1.0%   948μs    444MiB    6.5%   253KiB
calculate_bound              300    67.5s   37.8%   225ms    597MiB    8.8%  1.99MiB
  get_dual_solution        6.00k   3.14ms    0.0%   523ns    938KiB    0.0%     160B
forward_pass                 300    12.2s    6.8%  40.6ms    468MiB    6.9%  1.56MiB
  solve_subproblem         1.20k    11.6s    6.5%  9.68ms    366MiB    5.4%   312KiB
    get_dual_solution      1.20k    625μs    0.0%   521ns    188KiB    0.0%     160B
  sample_scenario            300    204ms    0.1%   679μs   26.3MiB    0.4%  89.9KiB
────────────────────────────────────────────────────────────────────────────────────

