{
  "config_type": "linear_distance",
  "config": {
    "n_nodes": 20,
    "T": 6,
    "total_bikes": 280,
    "total_workers": 18,
    "demand_level": 0.6,
    "base_demand_by_node": [
      3.248105046765897,
      5.595733379834464,
      8.487207441726241,
      12.680217305941486,
      12.10845814906602,
      7.812244563552799,
      4.59810654339199,
      2.260877906213667,
      3.9566996208735223,
      5.544682975975832,
      7.386690005639302,
      7.116453233383637,
      15.93185145390398,
      7.540186477957516,
      9.019348608218406,
      13.813932505135911,
      8.142187326766722,
      7.680441111843213,
      5.42183244398675,
      5.654743899822643
    ],
    "time_multipliers": [
      1.1556267962030047,
      0.6974385818762221,
      0.689980191378226,
      1.0404754911025753,
      1.0251463754879446,
      1.0779217803321344
    ],
    "od_dirichlet_alpha": 0.35,
    "coords": null,
    "coord_scale": 19.0,
    "d_base": 1.0,
    "d_slope": 0.12,
    "c_base": 1.0,
    "c_slope": 0.15,
    "c_diag_constant": 1.0,
    "phi_base": 0.03,
    "phi_slope": 0.02,
    "phi_min": 0.01,
    "phi_max": 0.45,
    "phi_override": null,
    "revenue_level": 8.0,
    "penalty_Cp": 3.0,
    "price_ub": 12.0,
    "bigM_Q": 10000.0,
    "price_lb_for_test": null,
    "initial_backlog_level": 1,
    "enforce_integer_lags": true
  },
  "seed": 202613
}