{
  "config_type": "linear_distance",
  "config": {
    "n_nodes": 16,
    "T": 4,
    "total_bikes": 190,
    "total_workers": 12,
    "demand_level": 0.6,
    "base_demand_by_node": [
      6.906775257598151,
      4.469302381702044,
      9.494435765048646,
      10.71766385801068,
      6.734591117123306,
      4.591578203945094,
      2.5887539652240648,
      1.9467707428307461,
      8.08801676339064,
      11.265246523306507,
      7.817674372431851,
      7.973445867738326,
      5.830163963814036,
      5.5209788232115,
      5.059883782416883,
      5.494718612207544
    ],
    "time_multipliers": [
      0.6246101989917836,
      1.0378747552493606,
      1.0929896941585147,
      1.0961381750630508
    ],
    "od_dirichlet_alpha": 0.35,
    "coords": null,
    "coord_scale": 18.0,
    "d_base": 1.0,
    "d_slope": 0.12,
    "c_base": 1.0,
    "c_slope": 0.15,
    "c_diag_constant": 1.0,
    "phi_base": 0.03,
    "phi_slope": 0.02,
    "phi_min": 0.01,
    "phi_max": 0.45,
    "phi_override": null,
    "revenue_level": 8.0,
    "penalty_Cp": 3.0,
    "price_ub": 12.0,
    "bigM_Q": 10000.0,
    "price_lb_for_test": null,
    "initial_backlog_level": 1,
    "enforce_integer_lags": true
  },
  "seed": 202602
}