{
  "config_type": "linear_distance",
  "config": {
    "n_nodes": 16,
    "T": 6,
    "total_bikes": 220,
    "total_workers": 15,
    "demand_level": 0.6,
    "base_demand_by_node": [
      10.917609425258917,
      12.089719699329283,
      8.874897862983087,
      5.4358330907086865,
      2.0770990817846813,
      4.111213460716563,
      6.980979113788399,
      16.644364141862873,
      10.122838521357915,
      10.659715227055989,
      6.684587258980927,
      6.966747490903327,
      6.699550851128623,
      2.8643667123712957,
      4.074508255705247,
      5.795969806064204
    ],
    "time_multipliers": [
      0.9161803165770752,
      0.8378844489788018,
      0.6765879149603318,
      1.0214827334258698,
      1.2117554347866415,
      0.9861811424814364
    ],
    "od_dirichlet_alpha": 0.35,
    "coords": null,
    "coord_scale": 18.0,
    "d_base": 1.0,
    "d_slope": 0.12,
    "c_base": 1.0,
    "c_slope": 0.15,
    "c_diag_constant": 1.0,
    "phi_base": 0.03,
    "phi_slope": 0.02,
    "phi_min": 0.01,
    "phi_max": 0.45,
    "phi_override": null,
    "revenue_level": 8.0,
    "penalty_Cp": 3.0,
    "price_ub": 12.0,
    "bigM_Q": 10000.0,
    "price_lb_for_test": null,
    "initial_backlog_level": 1,
    "enforce_integer_lags": true
  },
  "seed": 202612
}