{
  "config_type": "linear_distance",
  "config": {
    "n_nodes": 20,
    "T": 8,
    "total_bikes": 320,
    "total_workers": 22,
    "demand_level": 0.6,
    "base_demand_by_node": [
      9.538924493275982,
      7.398716809339772,
      6.336403743446314,
      5.84681686281032,
      5.097911844346147,
      6.5434236318963785,
      6.883167975105522,
      13.059939964950956,
      22.058051345582367,
      12.453631056303546,
      12.537676840784016,
      4.833312084693332,
      1.7503458922078325,
      3.5467557729920363,
      9.40396329668161,
      9.088858830859456,
      13.777542143759849,
      9.478553106499533,
      9.517751365824,
      6.84825293864103
    ],
    "time_multipliers": [
      0.6554054218580064,
      0.8726161530163151,
      0.9542320769882903,
      0.928840566712928,
      1.1240448229265543,
      1.2711228960641925,
      1.0035073039144133,
      0.7050359878512757
    ],
    "od_dirichlet_alpha": 0.35,
    "coords": null,
    "coord_scale": 19.0,
    "d_base": 1.0,
    "d_slope": 0.12,
    "c_base": 1.0,
    "c_slope": 0.15,
    "c_diag_constant": 1.0,
    "phi_base": 0.03,
    "phi_slope": 0.02,
    "phi_min": 0.01,
    "phi_max": 0.45,
    "phi_override": null,
    "revenue_level": 8.0,
    "penalty_Cp": 3.0,
    "price_ub": 12.0,
    "bigM_Q": 10000.0,
    "price_lb_for_test": null,
    "initial_backlog_level": 2,
    "enforce_integer_lags": true
  },
  "seed": 202623
}