{
  "config_type": "linear_distance",
  "config": {
    "n_nodes": 16,
    "T": 8,
    "total_bikes": 250,
    "total_workers": 18,
    "demand_level": 0.6,
    "base_demand_by_node": [
      6.127406093797157,
      8.612015518886212,
      4.145379628140071,
      3.857436105931146,
      11.749135234686673,
      9.110910837292517,
      14.939080789142976,
      9.693139496359809,
      6.533986316356611,
      2.044938410647986,
      3.725073192235595,
      8.397956952891729,
      8.895225525639589,
      24.337043468625037,
      6.705538563690825,
      8.625733865676054
    ],
    "time_multipliers": [
      1.0210912143364634,
      1.2547936892848677,
      1.2196788083071797,
      0.9599430768996682,
      0.9173898411168989,
      0.8693962979577082,
      0.7927659495958721,
      0.7425213143336227
    ],
    "od_dirichlet_alpha": 0.35,
    "coords": null,
    "coord_scale": 18.0,
    "d_base": 1.0,
    "d_slope": 0.12,
    "c_base": 1.0,
    "c_slope": 0.15,
    "c_diag_constant": 1.0,
    "phi_base": 0.03,
    "phi_slope": 0.02,
    "phi_min": 0.01,
    "phi_max": 0.45,
    "phi_override": null,
    "revenue_level": 8.0,
    "penalty_Cp": 3.0,
    "price_ub": 12.0,
    "bigM_Q": 10000.0,
    "price_lb_for_test": null,
    "initial_backlog_level": 2,
    "enforce_integer_lags": true
  },
  "seed": 202622
}