{
  "config_type": "linear_distance",
  "config": {
    "n_nodes": 20,
    "T": 4,
    "total_bikes": 240,
    "total_workers": 14,
    "demand_level": 0.6,
    "base_demand_by_node": [
      5.870642499907599,
      7.822459544345053,
      14.565942559290328,
      8.426354478747218,
      9.661751669321553,
      6.494624844260147,
      2.8719812867733148,
      2.708949099455012,
      2.879175331333062,
      7.453451981156757,
      11.494148757183972,
      8.5818497157703,
      8.194096087391998,
      5.593258804775736,
      5.100966198383773,
      4.69725336679773,
      5.733129038274136,
      5.003434041146417,
      4.766609131848679,
      4.0799215638372175
    ],
    "time_multipliers": [
      1.0853691312865312,
      1.0968242852725785,
      0.98928428522047,
      0.6690855839986045
    ],
    "od_dirichlet_alpha": 0.35,
    "coords": null,
    "coord_scale": 19.0,
    "d_base": 1.0,
    "d_slope": 0.12,
    "c_base": 1.0,
    "c_slope": 0.15,
    "c_diag_constant": 1.0,
    "phi_base": 0.03,
    "phi_slope": 0.02,
    "phi_min": 0.01,
    "phi_max": 0.45,
    "phi_override": null,
    "revenue_level": 8.0,
    "penalty_Cp": 3.0,
    "price_ub": 12.0,
    "bigM_Q": 10000.0,
    "price_lb_for_test": null,
    "initial_backlog_level": 1,
    "enforce_integer_lags": true
  },
  "seed": 202603
}