{
  "config_type": "linear_distance",
  "config": {
    "n_nodes": 12,
    "T": 8,
    "total_bikes": 180,
    "total_workers": 14,
    "demand_level": 0.6,
    "base_demand_by_node": [
      4.02111404651608,
      7.519677593204014,
      13.70934722681729,
      14.089962682377637,
      4.671291365385279,
      2.3664545455084878,
      6.477050687366145,
      8.564356615035685,
      11.597095482694323,
      9.326247013398207,
      7.420904406240606,
      9.236498335456266
    ],
    "time_multipliers": [
      1.071687758372815,
      0.8557217930472403,
      0.8741671438965294,
      0.870813499509908,
      0.6750364480870789,
      0.8226472473441737,
      1.1223471956761566,
      1.275908900343734
    ],
    "od_dirichlet_alpha": 0.35,
    "coords": null,
    "coord_scale": 17.0,
    "d_base": 1.0,
    "d_slope": 0.12,
    "c_base": 1.0,
    "c_slope": 0.15,
    "c_diag_constant": 1.0,
    "phi_base": 0.03,
    "phi_slope": 0.02,
    "phi_min": 0.01,
    "phi_max": 0.45,
    "phi_override": null,
    "revenue_level": 8.0,
    "penalty_Cp": 3.0,
    "price_ub": 12.0,
    "bigM_Q": 10000.0,
    "price_lb_for_test": null,
    "initial_backlog_level": 2,
    "enforce_integer_lags": true
  },
  "seed": 202621
}