file,T,total_bikes,n_nodes,total_workers,seed,runtime_sec,wall_sec,status,obj_val,mip_gap,n_vars,n_constrs,solver_rc,base_runtime_sec,base_mip_gap,seperation_runtime_sec,seperation_mip_gap,nested_runtime_sec,nested_mip_gap
cfg_short_complex_t4_b140_n12_w10.json,4,140,12,10,202601,9.940000,15.486647,2,1370.163963,0.000000,148944,11224,0,9.940000,0.000000,,,,
cfg_short_complex_t4_b190_n16_w12.json,4,190,16,12,202602,15.630000,37.610546,2,1325.033105,0.000000,416000,23664,0,15.630000,0.000000,,,,
cfg_short_complex_t4_b240_n20_w14.json,4,240,20,14,202603,345.540000,465.397573,2,1852.434720,0.000000,937680,43016,0,345.540000,0.000000,,,,
cfg_short_complex_t6_b160_n12_w12.json,6,160,12,12,202611,1802.430000,1822.815872,9,1662.348262,0.012679,265104,17136,0,1802.430000,0.012679,,,,
cfg_short_complex_t6_b220_n16_w15.json,6,220,16,15,202612,1802.610000,1976.626972,9,2354.581666,0.007357,771904,36090,0,1802.610000,0.007357,,,,
cfg_short_complex_t6_b280_n20_w18.json,6,280,20,18,202613,1803.330000,2035.530574,9,2882.995778,0.012531,1791280,65508,0,1803.330000,0.012531,,,,
cfg_short_complex_t8_b180_n12_w14.json,8,180,12,14,202621,1800.990000,1822.165419,9,2693.424819,0.017490,409104,23248,0,1800.990000,0.017490,,,,
cfg_short_complex_t8_b250_n16_w18.json,8,250,16,18,202622,1804.020000,1992.418595,9,,,1226496,48912,0,1804.020000,,,,,
cfg_short_complex_t8_b320_n20_w22.json,8,320,20,22,202623,-2,2100.000000,-2,,,,,-2,-2,,,,,
