file,T,total_bikes,n_nodes,total_workers,seed,runtime_sec,wall_sec,status,obj_val,mip_gap,n_vars,n_constrs,solver_rc,base_runtime_sec,base_mip_gap,seperation_runtime_sec,seperation_mip_gap,nested_runtime_sec,nested_mip_gap
cfg_short_complex_t4_b140_n12_w10.json,4,140,12,10,202601,3.540000,4.411762,2,1370.163963,0.000000,23664,31008,0,3.540000,0.000000,,,,
cfg_short_complex_t4_b190_n16_w12.json,4,190,16,12,202602,4.680000,5.914182,2,1325.033101,0.000000,54144,71296,0,4.680000,0.000000,,,,
cfg_short_complex_t4_b240_n20_w14.json,4,240,20,14,202603,19.940000,22.322573,2,1852.434719,0.000000,103600,136800,0,19.940000,0.000000,,,,
cfg_short_complex_t6_b160_n12_w12.json,6,160,12,12,202611,300.070000,301.034851,9,1662.348039,0.013787,35424,46512,0,300.070000,0.013787,,,,
cfg_short_complex_t6_b220_n16_w15.json,6,220,16,15,202612,301.460000,303.395243,9,2356.579847,0.006512,81088,106944,0,301.460000,0.006512,,,,
cfg_short_complex_t6_b280_n20_w18.json,6,280,20,18,202613,300.290000,304.042779,9,2886.557944,0.011068,155200,205200,0,300.290000,0.011068,,,,
cfg_short_complex_t8_b180_n12_w14.json,8,180,12,14,202621,300.060000,301.268561,9,2710.683550,0.012109,47184,62016,0,300.060000,0.012109,,,,
cfg_short_complex_t8_b250_n16_w18.json,8,250,16,18,202622,300.140000,302.724215,9,2714.441139,0.021619,108032,142592,0,300.140000,0.021619,,,,
cfg_short_complex_t8_b320_n20_w22.json,8,320,20,22,202623,300.240000,304.931692,9,,,206800,273600,0,300.240000,,,,,
