file,T,total_bikes,n_nodes,total_workers,runtime_sec,wall_sec
cfg_t50_b50_n5_w5.json,50,50,5,5,1800.140000,1802.739190
cfg_t50_b50_n20_w5.json,50,50,20,5,1805.880000,1985.808993
cfg_t50_b50_n40_w5.json,50,50,40,5,-2,2100.000000
cfg_t200_b50_n5_w5.json,200,50,5,5,1800.150000,1810.213548
cfg_t200_b50_n20_w5.json,200,50,20,5,-2,2100.000000
cfg_t200_b50_n40_w5.json,200,50,40,5,-2,2100.000000
cfg_t400_b50_n5_w5.json,400,50,5,5,1800.270000,1817.796543
cfg_t400_b50_n20_w5.json,400,50,20,5,-2,2100.000000
cfg_t400_b50_n40_w5.json,400,50,40,5,-1,1203.378460
