file,T,total_bikes,n_nodes,total_workers,seed,runtime_sec,wall_sec,status,obj_val,mip_gap,n_vars,n_constrs,solver_rc,base_runtime_sec,base_mip_gap,seperation_runtime_sec,seperation_mip_gap,nested_runtime_sec,nested_mip_gap
cfg_short_complex_t4_b140_n12_w10.json,4,140,12,10,202601,0.970000,1.348623,2,1384.163956,0.000000,23664,17232,0,3.540000,0.000000,0.970000,0.000000,,
cfg_short_complex_t4_b190_n16_w12.json,4,190,16,12,202602,0.500000,1.208387,2,1349.033100,0.000000,54144,38592,0,4.680000,0.000000,0.500000,0.000000,,
cfg_short_complex_t4_b240_n20_w14.json,4,240,20,14,202603,7.810000,9.078661,2,1868.434720,0.000000,103600,72880,0,19.940000,0.000000,7.810000,0.000000,,
cfg_short_complex_t6_b160_n12_w12.json,6,160,12,12,202611,73.880000,74.533609,2,1688.348035,0.000000,35424,25848,0,300.070000,0.013787,73.880000,0.000000,,
cfg_short_complex_t6_b220_n16_w15.json,6,220,16,15,202612,300.220000,301.647228,9,2224.473524,0.074040,81088,57888,0,301.460000,0.006512,300.220000,0.074040,,
cfg_short_complex_t6_b280_n20_w18.json,6,280,20,18,202613,113.830000,115.968648,2,2927.287435,0.000000,155200,109320,0,300.290000,0.011068,113.830000,0.000000,,
cfg_short_complex_t8_b180_n12_w14.json,8,180,12,14,202621,268.100000,269.175505,2,2770.471757,0.000076,47184,34464,0,300.060000,0.012109,268.100000,0.000076,,
cfg_short_complex_t8_b250_n16_w18.json,8,250,16,18,202622,300.110000,302.643621,9,2802.214787,0.001071,108032,77184,0,300.140000,0.021619,300.110000,0.001071,,
cfg_short_complex_t8_b320_n20_w22.json,8,320,20,22,202623,300.160000,302.906847,9,2799.496166,0.233015,206800,145760,0,300.240000,,300.160000,0.233015,,
